buildong_id,damage_grade
11456,1
16528,3
3253,3
18614,3
1544,2
12568,1
15497,3
13987,3
9598,3
6668,3
4244,2
17420,3
5781,1
4570,1
15716,3
2401,3
6295,3
16204,3
10057,2
415,3
5642,2
8266,3
8645,3
7331,2
8214,1
10786,3
3729,3
6793,1
4895,3
3169,1
12492,3
10811,3
14233,3
13769,3
6595,3
16324,3
18336,3
5065,2
10985,3
3153,3
4908,3
19728,2
644,3
6096,2
7484,3
8829,3
6052,3
4218,1
11823,2
19005,3
7239,3
1841,3
4120,3
17580,3
8181,3
3835,3
8876,3
7915,3
14108,2
7716,3
6753,2
19206,3
2247,3
2655,3
17958,2
19483,3
8736,3
17843,3
9958,1
891,3
2782,3
1104,3
12143,3
12031,2
13667,3
8561,2
4385,2
2784,3
9119,3
3198,3
5674,3
2055,2
8018,3
4,3
7661,3
1332,3
7803,2
17122,3
11939,3
8222,3
14626,3
72,3
15675,3
7076,3
1463,3
2277,3
8069,3
11148,3
14480,1
3894,2
6636,3
12209,3
596,1
15216,3
9624,3
12787,3
18434,3
168,3
11635,2
2029,3
2036,3
14667,2
4476,3
343,3
1916,1
6016,2
9826,2
7763,3
7424,3
5213,3
19916,3
18485,3
16474,3
17514,3
18300,2
13375,3
9755,2
18787,3
12453,3
17640,3
3833,3
5953,3
7970,3
9726,3
14276,3
9262,3
15783,3
5743,3
16667,3
7639,3
18500,3
14459,1
10755,3
18726,3
88,3
3301,2
16581,3
19850,3
3095,3
11902,2
10488,3
9008,2
12656,3
18383,3
19246,2
18538,3
1288,2
15600,2
10610,3
16845,3
16622,3
11946,3
943,2
14095,3
5977,3
16685,3
19410,3
14958,3
10691,3
14955,3
811,3
6981,3
516,3
13622,2
8120,3
9628,3
5101,3
7719,1
14378,3
10902,3
9373,3
1602,3
14793,3
8094,3
3914,2
14310,3
18524,3
10434,3
1852,3
14277,3
2385,3
18580,3
4535,3
8161,3
9691,3
8410,2
1416,3
5717,3
17064,3
16865,3
16737,3
3946,3
12784,2
4696,3
201,3
18733,2
16101,3
8682,2
16125,3
8543,3
5369,3
9270,3
13848,3
19290,3
18863,3
9645,3
17560,3
10179,3
8735,1
19536,3
11056,3
18089,3
5902,2
14166,3
4806,2
14946,3
11652,2
3136,2
10349,3
17358,3
9355,3
6055,2
2802,3
134,3
10814,2
11749,1
3267,1
6632,3
5296,3
506,3
3844,2
12966,1
14032,3
837,1
19249,3
10069,3
17350,3
4380,3
6538,2
1390,2
5425,2
14478,3
10090,3
3561,3
12941,3
1270,3
11523,3
3294,2
5421,3
1360,3
14960,3
6654,3
6754,2
7535,3
2544,1
7353,3
8849,2
19223,3
14299,3
6707,3
9336,3
2061,3
4451,3
1070,3
9960,3
8136,2
18832,1
5197,3
11352,1
11033,3
10051,3
11793,3
6190,3
1295,3
4839,3
13828,1
18796,3
14128,2
3810,3
12660,2
19014,3
16223,1
2834,2
3128,3
18144,3
3158,1
11153,2
19827,3
5114,3
19671,2
490,3
2591,3
387,2
11471,2
4838,3
7268,2
12529,2
12124,3
10829,2
13423,3
13355,3
7935,3
19776,3
10888,3
3308,3
3057,3
17060,3
16175,3
19793,2
11846,2
4316,2
5529,3
5398,2
15664,3
6882,2
736,3
16800,3
332,3
16242,3
1539,2
15144,2
9428,1
1901,2
10032,3
14859,3
12626,2
10308,1
4286,3
6187,3
15546,1
18801,2
938,2
4403,3
5085,1
19583,2
1181,2
5252,3
6279,3
2573,3
2404,2
6560,3
10257,2
9602,2
11659,2
625,3
12024,3
17295,3
7290,2
15483,1
5988,2
15079,3
19881,3
7622,3
4235,3
16262,2
5853,3
455,3
5220,3
1225,3
14688,3
17185,3
4386,2
4774,3
10850,2
7205,2
370,3
14455,3
15457,3
11930,3
17562,2
6332,1
19036,3
13225,3
15919,2
3994,2
15298,3
2164,3
9506,3
10574,3
2590,3
5360,3
8767,3
4674,1
4473,2
4640,3
4885,3
4281,3
16531,3
391,3
1637,2
9203,3
14864,2
7459,3
859,2
16656,3
12396,3
12155,3
16003,1
19937,3
13405,3
4530,3
18173,2
10922,3
5056,3
9174,3
14460,3
18128,3
14449,3
18548,3
17807,2
15754,3
14533,2
17159,3
13872,3
5373,3
12963,3
1691,3
19752,1
11404,2
2552,3
13465,2
18544,2
14226,2
15566,3
12535,3
13190,2
4445,2
17342,3
9617,3
12542,3
12926,3
9089,2
10592,3
6394,2
9014,2
14492,2
11875,3
2836,3
8488,3
10778,3
13129,2
994,2
11839,3
9871,3
11934,3
3231,1
11034,1
11925,3
7450,3
4677,3
1428,3
18577,2
19278,3
6141,3
14440,2
6091,2
15744,3
7652,2
3345,3
13616,3
813,3
13978,2
12447,3
16476,2
3809,2
3565,2
19354,3
12010,2
18728,2
2217,3
18972,3
4668,2
292,1
13185,3
14021,3
14567,3
7231,3
4339,2
16485,1
8263,3
15828,3
5488,3
9676,3
19935,3
11499,1
5514,2
14693,1
8096,3
15672,3
10353,3
17394,3
4933,2
4685,3
18607,3
7,3
12344,3
2893,3
3899,2
3543,3
8363,2
9710,2
662,1
13765,3
5994,2
6619,1
17610,2
10419,3
8567,1
1921,2
9142,1
16248,3
16450,3
7638,3
16818,3
8400,3
19171,2
8110,2
18740,3
11900,2
19619,2
5962,3
19990,3
1953,3
19064,2
6967,3
11188,3
6951,2
8297,3
4173,3
16719,2
17547,2
18341,3
15085,1
17096,2
9532,3
2877,2
2937,3
8996,3
8067,2
8327,3
18650,3
11357,3
14349,2
5309,3
10891,3
1998,3
19836,3
5752,2
13183,2
9860,3
6154,3
15601,2
9546,3
4904,2
10555,1
15038,3
15257,3
7124,3
15336,3
1891,2
16653,1
4755,3
11193,3
15021,3
18460,3
19839,3
2575,3
15839,3
3737,3
18721,3
296,3
9098,3
18631,3
10463,3
1936,2
11219,2
11403,2
10791,2
5709,2
2862,1
2278,2
9937,3
9748,2
5895,2
2219,3
19980,3
7777,3
18318,3
866,3
19400,3
14680,2
13803,3
18588,3
4688,3
4778,3
324,3
5134,3
5291,3
2226,3
4005,2
3979,3
16424,3
10682,3
5894,3
741,3
1242,3
9305,2
4383,3
2232,2
14490,3
19193,3
5385,3
19513,3
5542,3
10326,2
15822,3
17867,1
4330,3
19126,3
2047,2
5931,3
6505,2
14755,3
15293,3
16771,3
19376,3
6458,3
7252,3
7863,3
12296,3
3780,3
7487,3
18798,3
8564,3
4088,3
9615,3
3783,2
12831,3
3842,3
14151,3
18893,3
11211,3
19558,3
14395,3
16968,3
10780,2
3315,3
4575,3
10697,2
11395,3
2752,3
5190,3
13908,3
15808,3
13259,3
5238,2
6104,2
3603,3
6369,2
3427,3
1520,3
12140,1
15367,2
13995,3
14380,1
5063,3
12336,3
3435,3
9914,3
1251,3
12609,3
2843,2
10853,2
9404,3
8672,2
14888,3
4222,3
14090,3
14031,3
9554,3
4801,3
8434,3
8602,3
3284,2
7600,3
8032,3
12284,3
10421,3
9815,3
5701,3
11018,3
310,2
4131,3
11768,3
6982,3
559,3
19630,3
6660,3
14176,1
8420,3
8516,3
9489,3
19026,2
8657,1
820,1
11173,3
832,3
3484,3
17977,1
18684,3
18435,3
10103,3
8987,2
18311,3
18678,3
442,3
11689,3
2078,3
13464,3
1524,3
1957,2
12146,3
12877,3
17758,2
11504,3
5844,3
2894,2
3249,3
19115,3
7021,3
15098,3
2462,2
16864,3
7502,3
8553,3
16556,3
14435,3
427,2
10841,3
16157,3
7025,3
4722,3
6158,2
15339,3
14848,3
18512,3
567,1
12353,3
10089,3
10424,1
18514,3
8396,2
9375,3
17005,3
17385,3
8304,3
2265,2
3286,2
12541,3
8877,3
7377,3
618,3
7889,3
12078,1
19095,3
12561,1
9446,3
14670,3
2071,3
13138,2
13553,3
10752,3
19920,3
10283,3
6320,3
4211,3
15382,3
12528,3
19580,2
17272,1
16232,2
9088,3
5033,3
12504,3
9019,3
16725,3
18027,3
8439,3
14304,3
7157,3
6224,3
18562,3
11626,3
4501,3
3848,3
6004,3
16846,1
18970,3
10298,2
17225,3
5078,3
8754,2
17794,3
19123,3
15565,3
10131,3
5307,3
13408,3
13948,2
19867,3
554,3
12370,3
2908,3
2675,3
4835,3
9405,2
10145,3
14624,3
10227,3
11711,1
13347,3
14462,3
8495,3
13479,3
11230,3
4829,3
3337,1
620,3
4788,3
12316,3
2795,3
19076,2
5792,2
15117,2
5337,3
13612,2
2798,3
8029,3
1941,1
13404,3
17588,3
10122,3
14966,2
2960,3
16668,2
12002,3
3268,3
4424,3
10560,3
10364,3
3563,2
17895,3
4429,3
19959,3
13503,3
6835,2
14645,1
8883,3
2011,3
5029,3
12263,3
1827,3
9219,2
10150,3
18519,1
12666,3
1141,3
12274,3
8693,3
19548,3
18323,2
6084,3
12054,2
10678,3
6000,3
7958,3
10065,3
16805,2
11159,3
19993,2
10264,2
11330,3
16375,1
10611,3
8942,2
1124,3
3191,2
11378,3
15275,3
7969,2
6587,3
18717,1
5871,2
4135,3
12775,3
13993,3
17874,2
2939,2
9018,3
5375,1
17001,2
14325,3
942,3
1481,3
15241,3
11539,1
2320,2
17326,3
3983,2
5569,3
17613,3
15478,3
18649,2
11317,3
1831,2
5061,2
7364,3
8493,3
565,3
3058,3
16598,3
15088,2
11564,2
7198,3
10229,3
8799,3
11314,3
18865,3
14677,3
13455,3
1201,3
8429,3
6612,3
706,3
2073,2
13937,2
19504,2
290,2
15563,2
106,3
15949,3
8606,3
12586,2
17729,3
13234,3
17964,2
10616,3
4971,3
9828,3
12083,3
10994,3
11129,3
2109,3
12201,2
19113,3
12516,1
1638,3
1148,3
7435,2
14238,2
5040,3
8725,2
7251,2
7293,3
15284,3
3283,3
7690,1
3664,3
5282,3
1530,2
1621,1
6821,2
749,3
11170,3
7319,3
14188,3
4679,3
8948,3
2459,2
16008,3
9841,3
7952,3
8435,3
1073,3
15033,3
1633,3
3891,3
8167,3
35,2
13698,2
875,3
15403,2
1945,2
19462,3
6238,3
10520,3
9445,1
4110,3
2356,2
1747,2
11477,3
8536,2
4314,3
10274,3
9409,3
10175,2
2483,3
17682,3
14844,3
15912,3
12728,2
11680,3
19340,3
16106,3
6,2
18975,3
18701,3
19451,3
3586,3
5607,2
14861,3
6353,2
10790,2
12267,3
6440,3
15605,2
16244,3
15372,2
17393,3
17605,3
17386,2
15751,3
10068,2
9216,3
2512,3
18111,3
18166,3
5865,2
10826,2
17010,3
18848,2
9778,2
4518,3
12924,2
19575,1
10700,3
6530,3
10545,1
6554,3
13274,3
9825,2
19146,3
2563,3
3289,1
18114,3
6370,3
19057,3
18296,1
4368,3
12700,2
5260,3
16213,3
9700,3
227,3
8175,3
9124,3
11708,2
16455,3
7100,2
17563,3
6790,3
6356,3
2976,3
2372,2
7361,3
7504,3
15768,3
11684,3
10429,3
10477,3
14902,3
2088,2
15649,2
2332,3
3394,2
3557,3
14735,2
8035,3
1092,3
2124,3
13862,3
8339,3
9372,3
12878,1
10307,3
16923,3
8220,2
8521,3
12935,3
11579,3
255,3
1967,3
13244,3
5506,3
6828,3
8210,3
16815,3
12138,2
3501,3
8287,3
3049,3
14019,2
9424,2
12832,3
7366,3
17882,3
4122,3
10526,2
17303,3
3278,3
2617,2
12886,3
3648,3
17214,3
7218,3
19260,3
18308,3
2285,3
5499,3
6349,3
3920,3
867,3
8692,3
8144,3
3991,1
13790,2
12499,1
10909,3
6510,3
16932,3
18990,3
8552,3
19323,3
19594,3
9359,3
287,2
5338,3
6536,3
4567,3
17427,3
9370,2
11446,3
3087,3
6354,2
16452,2
4730,3
17857,1
8211,3
1320,2
1699,3
17859,2
15130,3
1565,2
17797,3
9715,2
13731,3
9140,3
1105,3
8202,3
10292,2
870,3
9436,2
2000,3
18845,1
12706,3
16596,3
3094,3
19276,3
4884,2
13939,3
22,1
482,3
18339,3
13135,2
11021,2
5444,3
10961,3
2038,2
16816,3
7004,3
9265,3
14666,3
15442,1
5457,3
10996,2
8364,3
17798,3
771,3
2137,3
14908,3
4726,3
9290,3
18576,2
44,3
1808,3
2395,3
8087,3
7400,2
5503,3
11672,1
1054,2
17165,3
1433,3
17921,3
16117,3
13069,3
15226,3
13310,2
12224,2
15898,2
13801,3
1405,3
2123,3
18917,2
9521,3
13187,3
1150,2
6199,3
2311,1
15222,3
15770,3
14175,1
470,3
19501,2
13600,2
5890,3
17595,3
8550,3
11472,3
15930,3
205,3
8403,2
16855,3
8215,3
4325,3
17361,1
10670,3
3569,3
8178,3
10006,3
15486,2
12471,3
19477,1
10557,3
4182,3
11246,3
1662,3
12239,2
5679,3
11303,2
1792,3
10329,3
14425,2
17912,1
6100,2
793,3
2051,3
3600,2
2729,2
15081,3
19158,3
5034,3
13629,1
4860,3
4137,2
384,2
3821,3
18584,3
4868,3
15890,3
869,2
12641,3
16729,3
11863,3
14801,3
16046,3
15463,2
15746,2
4537,2
420,3
10568,3
12651,2
5119,2
2869,3
272,3
4510,3
8791,3
13377,3
19465,3
19695,2
14846,2
16269,3
11648,3
16712,2
17191,3
19434,2
5287,3
3344,3
1304,2
7629,3
19991,2
5244,3
18226,3
1362,3
8291,3
3951,2
12691,3
2518,3
9328,2
10054,3
11646,3
8243,3
11234,3
12340,3
711,2
9807,2
14722,2
12695,3
4599,2
19078,3
17243,3
8441,3
13337,2
5567,3
16692,2
8132,3
13926,3
3007,2
7296,3
6454,3
10015,2
9769,3
5042,1
16518,3
15190,3
11816,3
11570,3
11944,3
12948,3
9509,2
1281,2
1728,3
12637,3
13780,2
16414,3
8913,2
11936,2
19240,3
5694,2
15456,3
3216,3
4208,1
1480,3
16198,3
13054,1
1440,3
9347,3
9064,2
15776,3
18466,3
12785,2
15873,3
2275,1
18150,3
3695,3
10220,3
4172,2
5550,3
17644,3
7909,2
10673,3
15995,1
5990,2
15328,3
2151,2
17602,2
6986,3
13136,3
10735,3
19335,1
10171,3
7390,2
1183,3
339,3
6069,2
12371,3
2369,3
3862,3
3259,3
18795,2
14571,3
3072,1
3227,3
2605,3
13895,3
12203,3
12630,3
9266,3
4584,3
85,3
466,2
16939,3
17858,3
6066,3
15585,2
6995,3
10883,3
19215,2
12244,3
1698,2
19755,2
2780,2
12419,3
5846,3
13005,3
142,3
1685,2
2528,3
1955,3
14656,1
8685,3
16602,3
12329,2
433,1
15459,2
3021,3
13757,3
13777,2
14160,3
2647,3
10919,3
4390,3
19103,1
8529,2
16421,3
13794,3
5335,3
12702,2
2434,3
11067,3
17445,1
4602,3
911,3
231,2
2712,3
3449,2
14297,1
18000,1
7781,3
7964,3
16507,3
2273,3
3455,3
12141,3
13303,3
12636,3
1419,3
4124,3
19782,3
17468,3
10447,2
4719,3
7272,3
11947,3
7651,3
16490,3
3214,2
1714,3
13664,2
15876,3
18574,3
7244,3
5453,1
3472,3
8100,2
11441,2
17316,3
3519,3
12045,3
14044,1
11710,3
7597,3
12117,3
11722,3
17345,3
7714,3
17788,3
12494,3
10361,2
16896,3
15763,2
18348,3
13512,3
2866,3
3832,1
3675,3
15835,3
13609,2
14934,3
5473,3
19534,2
119,3
3003,3
13852,3
5903,2
11755,2
15703,3
3148,3
9974,2
19275,3
18172,1
7492,3
15126,3
19516,3
7918,3
2985,2
18846,3
14672,2
3814,3
2904,3
6098,3
17629,3
14255,1
17434,3
6407,1
19145,2
11459,2
17133,3
8176,3
7153,3
18769,2
18345,2
4438,3
1604,2
17655,3
1578,3
6245,3
6107,3
2510,3
8705,1
16222,3
9944,2
10521,3
9913,3
8838,3
8999,2
6952,2
2635,2
8353,3
8684,1
14024,2
9330,3
4079,3
19822,3
2943,3
6160,3
10861,3
12238,2
9788,3
12043,3
8941,3
14679,3
10053,2
612,3
11790,3
10943,2
16879,2
19025,3
18494,2
2507,3
14703,3
397,3
13,3
110,3
16767,3
18810,3
2349,1
10483,3
16299,2
14412,3
17017,3
7524,3
2996,2
3245,3
7580,3
5700,2
10602,3
3118,2
3475,3
18026,2
4102,2
14776,3
13260,3
10253,3
13694,3
6121,3
8937,2
15695,3
18287,3
9531,3
19378,2
2979,3
5748,3
4994,3
3669,3
213,2
19702,3
14396,2
11132,1
3403,3
13572,3
1925,3
18508,3
18464,3
2952,3
16456,3
19154,3
12469,3
7202,3
1217,3
12705,3
8037,2
18074,3
16404,2
4864,3
3069,3
5500,3
17936,3
12196,1
183,3
18280,2
15994,3
11293,2
3309,3
9053,3
792,3
17612,3
11632,3
3244,3
15671,3
16843,3
14937,3
10973,1
16335,3
6246,2
7829,3
1915,3
11196,3
6483,3
18103,3
6282,2
15702,3
1883,3
17348,3
8909,2
2543,2
9046,3
2364,3
8408,3
13638,3
16821,2
12764,3
32,3
4322,3
5618,2
11455,2
16766,2
13170,3
9350,3
4414,2
11703,3
6304,2
2674,2
1475,2
6036,3
14647,3
19180,3
5355,2
7573,3
15806,2
1892,3
7187,3
5237,2
17904,3
8413,1
12715,3
9626,3
7717,3
4282,2
8922,2
2578,3
13974,3
7476,3
6364,3
16997,3
1541,2
12290,2
19685,3
15597,3
11012,1
11023,3
11424,2
1338,3
18333,2
11019,1
6111,3
12282,3
12261,2
2814,2
2403,3
11799,3
8652,3
2745,2
9337,2
12879,3
18273,3
878,3
8301,3
1462,2
7362,3
14804,3
18101,3
11780,1
7210,3
9189,3
7928,3
3736,3
16534,2
17999,3
11804,3
11240,3
7150,3
1359,3
10426,2
5041,3
1177,3
10385,3
9571,3
2144,3
108,2
7442,2
1174,3
6207,3
941,3
10543,2
7787,3
14323,1
222,3
1758,3
15215,3
10153,3
5570,3
5543,3
9091,3
12358,3
14100,3
14597,3
7552,3
9431,3
28,3
15891,3
13921,3
2368,2
9612,2
7356,1
12350,3
13602,2
7168,2
4799,3
17968,3
13380,3
19219,3
14709,3
4891,3
5619,3
2921,3
8472,2
14321,3
19377,3
17981,3
12763,3
14063,1
2141,2
2987,3
7285,3
5658,3
19422,3
5071,3
2093,3
3496,3
18222,3
13029,3
4253,3
15914,3
3577,3
5699,3
5313,2
10788,3
3579,3
12105,3
10567,3
6770,3
9071,3
9221,3
15574,3
4625,3
15978,2
407,3
8129,3
1988,3
17751,3
6840,2
9006,1
17189,2
16868,3
17873,3
11679,3
11676,3
8919,3
10772,2
19633,2
4714,2
6161,3
7664,3
13107,3
17266,3
16813,3
4410,3
993,3
5761,2
5255,3
19012,2
18374,2
2858,1
412,3
1866,2
1084,3
18759,3
9650,3
17697,2
6823,1
16893,3
3908,3
4469,2
19129,1
16434,3
5947,2
8676,2
4660,3
18732,2
19209,3
5790,3
7670,3
18974,3
10722,3
6797,3
4633,3
10865,3
6480,3
19874,3
1897,2
4665,2
9475,3
966,1
1818,3
9133,2
10890,3
19043,3
18804,2
13081,3
14439,3
2641,3
10277,2
7355,3
15102,3
12440,1
3623,3
12332,3
16400,2
5195,3
10731,3
17043,3
3498,3
7328,3
12631,3
11315,2
13569,3
12867,3
19565,3
13980,2
8750,2
4344,3
6508,2
18989,3
6955,3
18143,3
12221,1
18502,3
15425,3
12400,3
135,2
16759,3
7609,3
11767,3
11734,1
13267,3
2238,3
1190,2
6565,3
15974,1
23,3
4166,2
1296,3
153,1
19268,3
1981,3
15187,3
12131,3
14247,3
14322,3
12384,2
8632,3
19780,2
10355,3
1989,3
6535,2
9220,3
7464,3
17806,3
17768,3
18453,3
18354,2
17391,3
6222,3
4193,3
8163,3
16070,3
6868,3
8598,2
4580,3
19773,2
7569,3
3415,3
15690,3
9689,3
4310,3
918,3
14416,3
7583,3
17051,3
17590,3
1204,3
17002,3
1160,1
8711,2
2266,3
3499,3
18939,2
6023,3
15521,3
5661,2
11288,3
18523,3
2052,3
636,3
14515,2
18840,2
1060,1
9319,3
5145,3
2874,2
15676,2
9643,3
8280,3
13151,3
13945,3
1504,2
9080,3
18857,2
14453,3
1810,3
18145,3
2377,2
13417,3
7401,2
5696,3
14602,3
7182,2
14991,3
19744,3
10773,2
5510,2
19856,3
1315,3
1488,3
11358,1
225,1
4405,2
19515,3
19890,3
14720,3
6544,3
4973,3
6528,3
13342,2
9763,2
19863,3
65,2
17310,3
16160,3
14788,2
6116,3
11305,2
17101,3
3629,3
6755,2
19749,3
18818,3
12686,3
15992,3
15778,2
3785,2
14382,3
18040,3
14199,3
14150,2
19124,2
15896,2
9151,2
1851,2
19746,2
7523,2
17368,3
1822,3
18278,3
7926,3
8004,2
2182,3
2050,2
16688,3
16519,1
7005,3
6191,3
6863,2
10879,3
11447,3
13772,2
18613,3
4643,3
9300,3
8011,2
19163,3
5511,3
7667,3
12899,3
1546,2
2098,3
11365,3
7227,3
1005,3
11787,3
3964,3
2131,3
8474,3
17927,3
15153,3
12624,3
19514,2
8198,3
5657,2
3631,3
6403,3
17810,3
16284,3
9882,2
697,2
1533,2
19628,3
7019,3
19349,2
19973,3
6653,3
19687,3
11035,3
211,3
6919,3
18629,3
10760,3
19392,2
13709,3
5632,3
16286,3
7768,3
9770,3
8391,3
761,3
3719,3
17657,3
16119,3
6313,3
16402,3
14025,3
11848,3
1623,3
9634,3
3439,3
15717,3
10371,3
5185,3
7350,3
14258,3
3971,3
11318,2
19939,3
1292,2
8538,3
19735,3
2664,3
16876,3
7370,3
84,2
17748,2
10792,3
12667,3
6562,2
13384,3
1260,1
11147,3
8920,3
19008,2
7977,3
10216,2
203,1
19549,2
9972,2
18429,3
4461,3
7080,2
17344,3
12770,3
2014,3
5036,3
7668,2
19756,3
13641,1
18094,3
16789,3
5856,3
4014,3
9542,3
5264,3
2539,3
13646,3
18622,3
12399,3
1893,3
11524,2
17631,3
10613,2
9109,3
6270,2
9313,3
8275,1
6261,3
4711,3
6135,3
5793,3
838,3
14064,3
7380,1
12280,3
5411,3
5459,2
19802,3
18504,3
18375,3
6670,3
12171,3
9434,3
11784,3
16029,3
2588,2
14393,1
14452,3
2521,3
10370,3
525,2
703,3
3774,3
4485,3
8691,1
13421,3
6801,2
3516,3
5913,1
2934,3
14990,3
12005,3
8983,3
4907,3
1785,3
10155,3
9515,3
6639,3
619,3
9435,2
8953,3
5728,3
5302,3
19305,1
16364,3
2196,3
15471,3
14554,3
556,2
4203,3
18286,3
6503,2
38,1
14287,3
4067,3
5424,3
4814,3
17851,3
10903,3
12368,3
11583,3
17708,3
4355,3
11893,2
14634,3
6348,3
2853,2
19570,3
16499,3
12470,3
12331,3
2012,3
15393,2
3208,3
5886,3
9315,2
6068,3
15006,3
8372,3
13410,3
10478,3
8227,3
8932,2
6556,2
1806,3
876,2
4141,3
1961,3
877,3
15728,3
1299,3
8764,2
17249,3
16131,3
1547,3
6709,2
6673,3
5714,2
13392,3
19148,2
2684,2
550,3
10287,3
14576,3
5155,3
776,3
11538,1
11202,2
6058,3
9233,1
12311,3
17620,3
4357,3
9463,3
2863,3
13219,3
5247,3
11508,2
10102,2
6122,2
9309,3
11809,2
2678,3
15118,3
1727,3
8760,3
14617,3
390,3
1377,2
13339,2
14616,3
6551,3
8416,3
3145,2
8708,3
3491,1
17038,3
11602,3
248,3
16862,3
13299,3
12634,2
199,2
18488,3
10244,3
10115,3
15857,2
12579,3
15031,3
10310,3
12321,3
4398,3
10817,2
10312,3
18841,3
11668,2
15983,3
7374,3
8066,2
14013,3
3000,3
3782,3
15633,2
14270,3
16331,3
8985,3
17187,2
17946,2
16736,3
19248,2
6985,3
19800,3
18749,2
4760,3
196,2
4784,3
12436,2
13385,3
18095,3
12372,3
9448,3
15985,3
3272,2
4360,2
7771,3
18096,3
856,2
18780,3
17625,2
4017,3
2741,3
12596,2
17817,2
17180,3
16341,3
307,2
13898,2
19224,3
16775,2
18355,2
7065,2
8577,3
3913,3
2336,2
12268,3
219,3
10139,3
17850,3
1409,3
900,3
10591,3
6680,3
7927,3
15897,3
6376,3
10638,3
12771,3
19096,2
575,3
9578,3
2794,3
10393,3
9670,3
3442,3
236,2
15709,3
10366,2
2430,3
15775,3
11316,3
16918,1
9638,3
14274,3
857,3
8002,3
12456,3
15270,2
12438,3
170,2
19385,2
1297,2
11831,2
9177,2
5322,3
5439,3
4084,3
6283,2
16995,3
15468,2
19262,3
17276,3
9576,3
742,3
764,3
11973,2
3137,3
11629,3
2682,1
11817,2
8481,2
14023,1
2711,3
5707,2
8732,2
4879,3
1809,3
15090,3
12103,3
11077,3
15030,3
19341,1
2227,1
10571,3
3373,2
19138,3
1755,3
15279,3
6267,3
15532,3
4771,3
14411,2
342,1
1012,2
12482,2
345,3
8634,3
1147,3
12736,3
12646,3
9467,3
9936,3
9725,3
7498,2
7303,3
17245,3
9288,2
5611,2
12250,1
9533,3
2577,3
967,2
15054,3
4167,3
6667,3
6908,3
115,3
4492,3
4593,2
4701,3
7102,2
5442,3
3694,3
9093,2
19449,3
19011,3
16593,3
16193,3
2999,3
5418,3
10485,2
5096,3
2122,3
6412,3
628,2
4646,1
10359,3
16124,3
19319,3
9063,3
13262,2
3661,3
2293,3
1610,2
17481,3
13341,2
1291,3
6491,3
18862,3
18331,2
6155,3
12090,3
14370,3
2797,2
10446,3
19741,3
16072,3
8233,2
8093,3
18368,3
13061,3
14057,3
17069,1
17336,2
6907,3
14272,3
10236,2
335,3
7039,2
19508,3
1114,3
654,3
6806,2
19921,3
4015,3
5906,3
7177,2
4151,1
13490,1
8720,3
11683,2
19691,3
12122,3
17395,1
2806,3
15624,3
15228,3
13102,2
8522,3
10418,3
3625,3
13317,3
1993,3
6974,3
16564,2
15036,1
5809,2
13037,3
4614,3
1949,3
4209,1
8382,3
15971,2
19697,1
3674,3
12591,3
7688,3
6893,3
9059,3
9295,3
16144,2
19133,3
19183,2
1507,3
5441,3
2039,3
18695,3
15741,3
5304,2
7626,3
217,2
5037,3
15409,3
11121,3
9379,3
13534,2
14814,1
1312,1
8085,2
12442,2
18011,2
18346,3
14705,2
4785,3
13968,3
13756,3
7243,2
18597,3
14282,3
18405,3
14660,3
12407,2
9956,3
17155,2
8134,3
1759,3
13320,3
6762,2
14067,3
12241,3
8668,2
10215,3
9255,3
12813,3
7692,3
5232,1
11527,2
8875,3
17507,3
18154,3
4600,3
2463,3
19112,1
1339,2
491,2
9280,1
8487,3
4834,3
13226,3
17221,3
18497,3
7077,3
13874,3
6337,2
17330,3
7678,2
15562,2
4184,3
1684,2
7160,3
5528,3
3874,3
4252,2
3791,2
929,3
1231,1
14983,2
6273,3
15244,3
10181,3
12330,2
18756,3
9118,3
4271,3
17044,3
16618,2
5231,3
18064,2
9616,2
642,3
3039,3
16914,3
15825,3
15252,2
15911,3
13068,3
18788,3
9782,3
16498,3
1163,3
11618,2
15323,3
8307,3
1373,3
13972,3
10193,3
6399,3
2644,3
4077,3
5312,3
11759,3
4413,3
15049,3
12484,3
19649,2
92,2
18195,3
19203,2
12613,3
7770,3
14604,2
460,2
18616,3
3075,3
4566,3
12102,2
15632,3
14912,3
7121,3
12793,3
18783,3
11015,3
1051,3
1937,3
13232,3
3639,3
19847,3
12004,3
2620,3
823,2
2621,3
15739,3
2436,3
14789,2
14157,2
11730,3
14777,3
11585,3
17484,1
6549,2
2785,3
13438,2
10547,3
18270,3
3525,3
1247,2
10766,3
5226,3
15892,1
5555,2
11069,3
10250,3
15535,1
18706,3
18024,3
10680,3
17305,2
14730,3
109,3
4050,3
5206,3
4803,3
13523,3
19569,3
4348,3
17290,3
17357,3
5810,3
15533,3
15674,3
5362,2
13156,2
4930,2
19762,1
16959,2
4003,3
91,3
4358,3
9105,3
10577,2
17883,2
2257,2
17893,2
1513,3
17400,3
2556,3
7606,3
4706,3
8572,3
18849,3
15302,3
7603,2
10284,3
16817,3
1004,2
330,3
11373,3
5409,3
19322,2
11605,3
3354,1
13607,3
5954,3
8138,2
4759,3
15861,2
10925,3
12051,2
11096,2
5794,3
11369,3
14855,3
19402,3
13321,3
2355,2
3312,3
2702,3
11923,3
14469,3
14447,3
18322,3
11233,3
10885,3
6646,2
2541,3
2302,3
11647,1
16633,3
17950,2
5645,3
16575,2
12062,2
17112,3
854,3
321,2
5004,2
11792,3
10709,3
8851,3
6890,2
3672,2
834,3
5519,1
5721,3
14215,2
3085,2
10294,2
7526,3
13677,3
16504,3
2416,3
19643,3
12161,3
18708,3
18496,3
7529,3
11397,3
19092,2
14212,3
11575,3
8681,3
19463,3
666,3
3609,3
11017,2
9728,3
5045,3
3841,3
15438,3
8769,2
7184,1
3177,3
6366,3
8659,3
288,3
14388,3
15559,3
4765,3
7832,2
15289,2
16191,3
16748,3
17528,3
2870,3
6126,3
202,3
18342,3
11327,2
5944,3
19329,3
10377,3
6059,3
9835,3
5917,3
19994,2
16080,2
4744,3
2150,3
613,3
5690,3
15998,3
9718,2
6474,3
16900,2
19405,3
2114,2
2581,3
9861,3
10855,2
17098,3
9380,3
7026,3
15029,3
16920,3
4106,3
17102,3
6150,2
3647,3
13912,2
12969,3
6173,3
14791,2
1300,3
16533,3
9207,1
220,3
15715,3
15297,3
11914,1
1276,3
15000,3
17068,3
14501,3
8988,3
17206,2
9157,2
9289,3
13073,3
9183,2
18730,3
16957,2
3471,3
239,3
1643,2
1869,3
16411,3
10213,3
1118,3
8234,3
8576,3
5461,3
5283,3
12262,3
8951,3
6291,3
10904,3
17652,3
4467,3
2211,3
13271,3
13773,3
1404,2
1253,3
871,3
9480,2
3830,3
1798,2
11818,3
19834,3
8079,3
18001,2
19546,3
3064,3
4732,3
8997,3
1421,2
14623,3
694,3
10676,3
17676,3
13492,3
6112,3
502,2
12513,3
16646,3
4982,3
11574,2
12933,3
6620,2
15162,3
19878,1
5558,3
5055,3
16960,3
1789,3
13292,3
5914,2
12119,3
11102,2
17661,3
319,3
1041,2
12180,3
18058,3
5399,3
8149,3
12798,3
3871,3
959,3
16512,3
17109,3
10272,2
15840,3
18806,1
13559,2
7778,1
6405,3
10546,3
12234,2
2713,3
597,3
7940,2
12559,3
11794,3
5480,3
15555,3
8586,2
14046,3
8075,2
11869,3
13558,2
8775,3
2370,3
5395,1
4502,3
12571,2
4449,3
18392,3
11204,2
7759,3
9479,3
874,2
13820,3
3922,2
13824,3
19975,3
10949,3
18945,3
6674,3
9032,3
6327,3
12697,3
18553,2
9251,3
9021,3
11239,3
5744,3
18826,3
9012,3
5985,3
15696,3
8027,3
19041,3
2447,3
14749,3
2223,3
11435,3
4712,3
13818,2
1826,3
11263,1
2464,3
12852,3
10741,3
8914,3
14519,3
7956,3
10849,3
828,3
14326,2
5240,2
11228,3
19824,3
8126,2
8047,3
9316,3
7214,3
3938,1
15034,3
10401,3
9111,3
11007,3
3764,2
6614,3
17888,3
19167,3
13172,3
17313,2
17086,2
2476,1
14904,2
19520,2
17542,2
1924,3
16149,3
16159,3
7174,1
15084,3
1976,2
6463,2
19228,3
16655,3
11681,3
1761,3
4365,2
4698,3
14372,3
4670,1
9497,3
19759,3
11169,3
9969,2
1025,3
16463,3
394,3
5818,1
19660,3
7899,3
13032,2
1123,2
11249,3
3987,2
17193,3
8931,3
2779,3
15300,3
14224,3
872,3
7898,2
8497,3
12756,3
14016,2
10569,3
19010,1
13314,3
1970,2
1436,3
4974,2
14401,3
10762,2
1968,1
2482,3
16011,2
6640,3
11004,3
3401,1
18369,2
4546,3
14418,3
3880,2
11828,3
16546,3
1732,3
17554,3
8530,1
5877,3
4792,3
1189,3
17338,3
4464,2
19922,3
13743,3
12600,3
16040,3
10635,3
5772,2
5669,2
14794,3
12733,3
8068,2
6717,3
13051,3
185,3
12537,3
3986,2
14352,3
16357,3
7772,2
1080,3
11919,2
8330,3
19738,2
6631,3
19299,3
8670,3
9890,3
17725,3
2230,3
15677,3
14124,3
11266,3
2932,2
18447,3
1644,2
6409,2
4289,3
6189,2
2366,3
13665,3
18239,3
49,2
15956,2
11482,3
11111,3
2680,1
728,3
6579,2
18275,3
4280,3
8797,1
11512,3
6589,3
11971,1
1710,2
16631,2
18163,3
12207,3
19930,3
15750,3
1352,3
1154,2
12247,3
573,3
19639,2
19063,1
12077,1
19094,2
9810,3
2245,3
5544,3
8589,3
12937,3
19218,3
14587,3
11029,3
8117,3
424,3
10028,2
14810,2
18670,3
17160,3
4921,3
12972,3
11559,3
19843,2
3558,3
6525,3
9632,3
7291,3
10612,3
5284,2
16582,2
5736,3
10192,1
17156,2
428,2
8026,3
5091,2
18785,3
12996,3
17213,2
14361,2
11513,3
8271,3
19932,2
14927,3
11975,3
13146,3
15551,3
4080,2
6774,3
2888,2
15149,3
5431,3
10944,3
8975,2
16225,3
8137,3
3339,3
6039,2
10579,3
19417,3
2080,3
18261,2
7839,3
14428,2
7671,3
2158,2
3697,3
8777,3
9260,3
6499,3
1771,3
16623,1
2958,3
1536,3
8414,3
19610,3
14599,2
10282,3
14858,3
5594,3
7968,3
14314,3
9698,3
6899,3
19033,2
15613,3
6235,2
2582,3
8392,3
14468,3
14591,3
13552,2
15214,3
4641,3
5508,3
18393,2
6433,2
16207,2
18674,3
2186,3
8842,1
7122,3
3414,3
18643,3
16880,3
6588,3
11216,3
17535,3
7155,3
3406,3
6714,3
16165,3
12796,3
4675,2
17347,2
13594,3
17125,3
12271,2
1117,3
17367,3
3943,2
15883,3
5911,3
3925,3
19021,3
18557,3
16541,3
13413,3
1368,3
13919,2
18936,2
19563,3
8010,2
13319,2
10668,3
10012,2
1096,3
2819,2
15499,3
2748,2
11615,3
12197,3
6032,3
825,3
1432,3
3972,2
14250,3
6034,3
7747,2
3261,3
6477,3
12883,1
3690,3
6157,3
6411,3
14429,3
5090,3
240,3
7385,3
11122,3
2769,2
6826,3
16187,2
4783,3
10729,3
19766,2
10046,2
10734,3
15630,2
6700,3
12279,3
9369,3
7105,3
15447,3
9400,1
3015,2
4906,3
17410,3
15055,1
17825,3
14286,3
3105,2
7540,3
16750,3
3610,2
18897,2
9694,3
3248,3
11852,2
4563,3
8900,3
9263,3
6363,2
11124,3
4779,3
8852,1
9680,3
13011,3
5754,3
17072,3
6604,2
4836,3
4648,3
3926,2
5229,3
15410,3
9481,3
17430,3
5531,2
13501,3
17454,3
13550,2
13049,3
4900,3
1858,3
14704,3
11519,3
1444,3
9311,3
14495,3
7381,2
5018,3
11046,3
18984,3
13587,3
8274,2
13094,1
6402,3
6856,3
10143,3
9081,2
12416,3
3310,2
11150,3
986,3
19198,3
8503,2
19895,3
6593,3
7508,3
17963,3
11849,2
3366,3
10874,2
10633,1
3355,2
13843,3
12999,3
13781,3
11999,2
2918,3
16439,3
6485,3
487,2
2104,3
18283,1
4883,2
17154,3
1350,3
17364,3
3854,3
19971,3
19842,3
19664,2
3869,3
16906,3
7494,3
17892,3
5623,3
4959,3
12418,2
18981,3
13474,3
3903,1
4846,1
17230,2
3068,3
13093,1
1933,3
659,2
8236,3
8864,1
11929,3
17161,3
1873,3
4207,2
2739,3
19350,2
1900,2
11791,3
16684,3
893,2
12393,3
19561,3
964,2
459,2
8792,3
16714,2
14217,3
6611,2
17302,3
2105,2
17162,2
11667,3
17513,3
17800,1
5104,2
9083,3
5692,3
4611,1
4960,2
19521,2
16549,2
18908,3
11227,3
2319,2
8006,3
15101,2
16983,3
9209,2
2768,3
7275,3
1966,2
17866,2
15791,2
13823,3
8697,3
12896,3
7699,3
3851,3
17097,3
16850,3
4576,3
6954,2
12884,3
19254,2
5166,3
6857,3
551,3
1960,3
17124,3
11544,1
15028,3
17398,3
15012,3
16604,2
8862,3
11881,3
1366,2
82,3
7533,2
11436,3
13251,3
9202,3
2580,3
8208,2
19535,1
8153,2
15056,2
12604,2
9675,3
17782,3
897,2
687,2
13023,3
16796,3
6730,2
12951,3
11174,3
15945,3
16491,2
4423,3
5116,1
1077,3
11872,3
15530,1
4170,2
18560,2
3357,2
5873,3
5958,1
17181,3
8563,2
11910,3
7693,2
806,3
2975,3
4111,3
11521,2
15374,3
15991,3
12337,2
10499,3
14719,3
3247,2
10194,3
987,3
8600,2
11577,3
12538,3
9256,2
11713,3
13668,3
15756,3
16964,1
1842,3
8412,3
12807,1
14017,3
1857,2
5462,2
18050,3
2901,3
11387,3
1676,3
18705,3
8805,2
5973,3
4733,3
11117,3
13682,3
13983,3
817,3
19862,3
16751,2
1455,3
13488,3
14182,2
18482,2
9433,3
8119,2
5463,2
12621,3
17183,2
19236,3
382,3
18319,2
8084,3
19831,3
11134,3
2209,2
10968,2
10518,3
16081,3
11050,2
12952,2
7617,3
9261,3
8984,2
18969,2
8546,3
5489,3
804,2
11655,3
11860,3
16441,3
1282,3
702,3
12025,3
18914,3
7942,3
3091,2
4919,3
9751,3
15498,2
11851,3
12164,3
6074,3
10972,2
10647,3
1407,2
19017,2
14843,2
5350,3
557,3
9374,2
10407,3
15180,3
6789,3
11483,2
9454,3
3539,3
16722,3
514,1
2811,3
9820,3
9940,1
6093,3
19636,2
15814,3
9588,3
10365,3
5592,3
3106,2
9949,3
4290,3
13560,3
8453,2
18658,3
17077,1
1928,2
8168,3
10439,3
5082,3
12587,3
11176,2
435,3
3374,2
5341,3
6183,2
6757,3
599,3
9007,3
8940,3
4913,3
19054,3
9252,3
3257,3
3489,3
316,3
9737,2
3400,3
569,3
18957,3
11762,3
5734,3
9883,3
14190,3
2113,3
4352,2
15121,2
19918,3
9440,1
11931,2
19835,2
12346,3
1178,3
317,2
5769,1
308,3
11076,3
19568,2
13886,3
7212,3
10860,3
8106,2
12676,3
13881,3
7432,2
533,3
15578,3
17046,2
12222,3
4145,3
17130,3
10897,3
3322,3
3933,2
16190,3
778,3
14787,2
2027,3
10512,3
15340,3
10980,2
5262,3
7107,3
6197,3
15443,3
13214,3
18330,3
5343,3
16473,3
5,2
5044,3
14891,2
16281,3
12822,3
6101,2
11614,2
10124,3
19231,3
17793,3
14775,3
5576,3
3518,3
4747,3
3365,3
12361,3
10007,3
6655,2
6269,2
19586,3
8715,3
7018,2
8744,2
5193,3
12944,3
9926,3
3370,2
17016,3
2984,3
3505,3
17707,3
19089,2
13878,2
5012,3
17029,3
17444,3
15527,3
12059,3
13182,3
14633,3
17489,3
13990,3
1618,3
9889,3
17767,3
17619,3
18457,3
6037,3
12545,3
4139,3
12543,2
483,3
3520,3
18211,3
14853,3
12325,3
14835,3
1986,3
10026,2
19184,3
9425,3
63,3
13680,3
15360,3
3018,1
5299,3
10813,2
6685,2
13193,3
13001,3
5115,3
19065,3
7207,3
5898,3
5498,3
14635,3
444,2
6136,2
155,3
15245,1
11375,3
7154,2
19003,3
19458,3
5126,3
5416,3
2851,3
7323,3
3745,3
10620,3
18301,2
6203,3
13018,1
18736,3
19346,2
10976,2
15312,3
3456,3
4224,2
8342,3
6609,2
17148,1
7491,3
6547,3
15159,3
8918,2
1381,3
13123,2
18100,3
10564,3
5002,3
9418,3
5773,3
15230,3
15627,2
385,3
7037,3
15016,3
9635,3
16465,2
19909,3
12115,3
19296,3
7932,3
5094,3
7479,3
18748,2
13787,3
2465,3
377,3
17525,3
800,3
1537,3
369,3
12502,2
19810,3
15721,3
3144,3
1718,3
2307,2
4810,3
9760,3
10300,2
724,3
16497,2
3930,3
11677,3
10235,3
3189,3
16828,3
93,3
18546,3
15355,1
3957,2
18065,2
19255,1
15170,3
7419,3
5393,3
685,3
3438,3
8906,3
3323,1
1289,2
8421,2
6735,2
4871,3
6215,3
8468,2
8917,2
3858,3
8367,2
12668,3
8766,2
561,2
3361,3
11715,3
1430,3
2072,3
18030,3
18896,2
4178,3
13012,3
9352,3
5878,2
13628,2
2676,3
9180,2
12100,3
13586,3
6487,2
11411,2
2743,3
5637,2
14116,3
6375,3
14837,3
3931,3
18266,3
12028,3
7013,2
7766,2
5910,3
7020,2
16952,2
9499,3
3660,3
10548,3
9660,3
4797,3
10413,3
1301,3
6252,3
9351,2
2574,2
2085,3
11643,3
1597,2
5469,3
19894,3
12960,3
6558,3
3815,3
12349,3
12030,3
14895,3
8065,2
1252,3
6060,2
12737,3
11968,3
14900,3
4516,3
17637,2
2560,3
717,3
11478,3
18082,3
10787,3
953,2
18653,2
17526,3
12135,3
3911,3
5476,3
16905,2
19981,3
16122,3
5112,2
6798,2
6181,3
17369,2
15895,2
16889,2
6389,2
15727,3
9051,3
8616,3
8540,3
15938,3
2498,3
8221,1
16362,3
1675,3
17240,1
9363,3
9923,2
7497,2
10239,3
12081,3
2704,2
14436,3
14384,3
16687,3
13927,3
19045,3
7149,3
8072,3
17340,3
10963,3
13740,3
12500,2
3419,3
4065,2
15015,3
3325,2
11843,3
19189,3
19726,3
17624,3
5760,3
14687,1
2248,3
1374,3
7837,3
4364,3
5930,3
2130,3
19814,3
9117,3
1730,3
16890,1
12068,3
9283,3
11695,3
18676,3
8438,3
17089,3
15810,2
12424,3
1956,3
2112,2
19108,3
10170,3
5281,3
17271,3
16015,3
8395,1
18710,1
553,3
5941,3
14655,2
1519,3
1424,2
8272,3
8535,2
18807,2
12093,3
8763,3
11366,2
1824,1
3133,3
5987,3
15091,3
1489,3
2069,3
11726,3
924,3
13578,3
14847,3
15019,2
14539,3
14223,3
19304,3
17717,2
3582,3
8605,3
880,3
15924,3
10595,3
7064,2
12490,2
12230,3
2871,3
5118,2
5595,3
11475,3
9076,3
11001,3
14606,3
16088,3
12848,3
12259,3
11341,3
6892,3
8830,3
9242,3
6517,3
11118,3
13426,3
234,3
18842,3
8809,3
13538,2
12466,3
17924,3
6881,2
17519,1
15175,3
18066,3
5768,3
14432,3
17739,2
14204,2
9115,1
951,2
14920,3
11183,2
16510,3
18134,3
5265,3
11665,2
917,3
13333,3
7947,3
17203,3
4204,3
12341,2
1038,3
7489,2
4300,2
17742,3
10029,3
18872,1
9472,3
1331,3
10515,3
306,3
18882,1
11802,3
6916,3
9880,1
6864,3
19923,3
8831,3
8555,2
14362,3
7289,3
7847,3
15045,3
13304,3
19760,2
17771,3
1607,2
8547,3
5276,2
858,3
9805,2
2593,3
9137,2
18876,2
4024,3
17373,3
6211,3
8057,1
14906,3
4126,2
13513,3
10129,3
4227,2
8033,3
8623,1
14158,2
14457,3
2397,3
14972,3
16382,2
10296,3
8742,3
7083,3
77,2
9191,2
6086,3
12620,3
6192,3
10876,2
12664,3
763,3
2167,3
6869,2
2973,3
1499,3
8316,3
14098,3
10437,2
13351,3
4426,3
15540,3
16961,2
18774,2
1647,3
1770,3
13623,2
2415,3
10929,2
18930,2
15933,3
2005,2
14608,3
16410,3
17992,2
6089,3
6682,3
8338,3
15399,2
13744,3
18021,3
19688,2
6559,3
1703,2
6672,2
4523,3
9414,3
10801,2
4912,3
7632,3
19399,2
9622,3
13204,3
11277,3
18037,3
10263,3
3564,3
10644,2
2515,2
5073,3
4029,3
8431,2
4219,3
13453,2
12627,2
14643,3
6237,2
3032,3
5680,3
13106,3
5800,3
15027,2
249,3
17238,3
4970,3
18337,3
8112,1
18652,3
4915,3
1510,2
15587,2
4427,3
17229,3
9677,3
14364,1
6174,2
286,3
3006,3
4272,3
4468,3
177,1
11419,3
7549,3
9090,3
8854,3
16226,1
13212,3
7855,3
401,3
8283,3
1749,3
17548,1
11774,3
13633,3
17683,2
13707,2
17486,2
12714,3
17778,3
6077,3
4171,1
6139,3
14499,3
8146,3
8285,3
6202,2
9357,2
2143,3
9761,3
19257,3
11569,3
2706,3
12519,2
14838,3
16986,3
4474,3
14328,3
6873,3
18281,3
7955,3
2600,3
12788,2
1954,1
13842,2
980,3
1913,3
14426,1
18843,3
15878,3
13750,3
18528,3
7663,3
2931,3
5440,3
4331,2
7238,3
4954,3
8501,3
14547,3
16548,3
9429,2
10552,3
7127,3
19896,3
9365,3
17226,2
3081,3
8406,1
10212,3
6113,1
3016,3
5975,3
4565,3
17389,3
16257,2
7463,3
2946,2
354,3
1327,3
12673,2
5789,3
2442,3
2422,3
1958,2
50,3
648,3
7201,2
10536,3
336,1
17702,1
5682,2
4019,3
11760,3
14780,1
14183,2
17641,3
11157,3
8268,3
6669,3
4754,3
13022,2
2554,3
18777,3
3982,2
4165,3
10864,3
18871,2
4382,3
15147,3
3602,3
3038,3
4664,2
998,2
4369,2
1477,3
19742,3
3704,2
3929,1
11368,3
1023,1
1035,3
17147,2
8989,2
11572,3
7049,3
14081,3
790,1
6740,2
12167,2
8452,1
1884,3
11491,3
9564,2
13057,3
7338,3
9596,3
17586,2
19352,3
5246,3
6584,3
7274,3
3180,2
14916,3
18762,2
6029,3
8077,3
1756,3
17678,3
3568,2
19588,3
17555,2
19221,3
16482,3
5815,3
10134,3
6518,1
5705,3
17530,2
4841,3
4406,3
3223,3
325,3
9834,2
12983,3
5950,3
9406,3
2875,3
2418,3
18216,3
18590,3
14058,2
56,3
19072,3
13475,3
15484,3
6294,2
17378,3
13906,3
4543,2
16099,3
5889,3
19104,1
11145,3
358,2
4909,3
3645,3
12295,2
2308,1
107,3
3042,3
13482,3
5904,3
11567,3
5722,2
14982,3
6805,3
12629,3
7943,3
12716,3
7991,3
9503,3
7414,2
14961,3
3787,2
17544,3
9657,3
9518,3
10200,1
10262,3
4216,3
8848,3
9408,3
7437,2
13396,3
3086,2
18923,3
15981,3
11516,1
3050,3
13459,3
19445,3
8498,3
2653,2
3078,2
3655,3
4694,3
13302,3
7388,1
18474,3
8355,3
3573,3
4195,3
5191,1
2790,3
1959,3
2204,3
19539,3
15011,2
16886,3
3270,3
16963,2
6343,2
6371,3
10528,2
14877,3
16216,3
6859,3
3228,3
17131,3
3552,2
10093,3
17020,3
8370,3
7572,3
10482,3
3390,2
16229,2
17864,2
10064,3
545,1
14225,2
10753,3
4691,3
1853,2
16768,3
12276,2
6715,3
9984,3
6617,3
3071,2
12388,3
14512,1
14263,2
16824,2
18853,3
11985,3
3691,2
2838,3
5601,3
13636,3
18084,3
12741,2
4549,1
6534,3
11165,3
15608,3
7483,3
436,1
4036,3
8656,2
9384,3
2673,3
15654,3
19877,3
11272,3
18910,3
14717,3
2021,2
19303,2
4179,2
1628,1
5918,3
3013,3
8637,3
1246,3
19659,2
13822,3
8747,2
16298,2
11640,3
8639,3
8688,2
11042,2
10073,2
2774,3
18018,3
8765,2
574,2
4601,2
13349,3
17000,3
14464,3
12612,3
13403,3
15900,3
15758,3
16842,3
17604,3
2730,3
3161,3
6945,2
95,2
16938,3
12914,3
10144,2
12930,3
17412,3
12281,3
6607,3
363,3
7539,3
15475,3
12576,3
15050,3
14354,3
19062,2
13643,3
5670,3
18741,3
13827,2
2856,3
5321,2
8770,2
11091,3
11066,2
11232,3
6839,3
3160,3
2362,2
5828,3
882,1
4069,3
2948,3
9706,3
3587,3
8091,3
6968,2
1380,2
8733,3
10779,2
16651,2
18344,3
13742,2
6127,2
3448,3
16988,3
17801,2
4101,2
15064,3
19460,2
12144,3
11888,2
7501,3
610,3
12647,2
8969,3
5599,3
2519,3
1094,3
60,3
10204,3
11867,3
12761,3
15422,2
14560,3
16624,2
8994,3
9601,1
18515,3
18667,2
10988,3
976,2
8162,3
10901,3
14733,3
13059,3
15644,2
3474,2
1326,2
17467,2
8834,2
6020,3
18254,3
12585,1
13306,3
12618,3
11324,2
19353,3
13143,3
19888,3
18830,3
26,2
4041,3
3755,3
7134,2
7465,3
14661,3
5655,3
18742,3
5757,3
2631,3
18567,3
1049,2
16769,3
13334,3
541,3
3014,3
12709,1
19282,3
13511,3
11328,2
16253,1
10754,2
17390,2
2060,3
11055,3
18837,3
19675,3
7868,3
3271,3
9398,1
4499,3
14269,2
5218,3
12460,3
4326,3
5014,3
17460,2
6105,3
11982,3
406,3
10372,3
17633,3
840,3
1269,3
17700,3
4773,3
3500,3
6494,3
5804,3
7687,2
10728,3
762,3
8551,2
10324,3
19693,2
6938,2
15203,2
2410,2
7517,3
8979,3
8025,3
9040,2
11553,2
14601,3
3512,3
5870,2
588,3
7310,3
13036,3
4409,2
13591,2
8729,2
1595,3
3753,2
4175,3
16913,3
5496,3
8879,3
4597,2
15931,2
8562,3
11262,3
767,3
3879,3
18821,3
1786,3
19650,3
6779,2
11909,3
3331,1
16799,2
16329,3
4070,2
4607,3
3612,3
17630,1
15299,3
4237,3
10442,3
13901,3
1898,3
3004,3
18719,3
13391,3
14718,3
9050,3
2919,2
8981,3
6596,3
11203,3
6479,2
5474,3
535,1
10148,3
8976,3
16951,2
19622,1
13253,2
4471,2
10182,1
2545,3
14557,3
2788,3
8801,3
17175,2
5659,2
2262,1
5643,3
14379,3
3532,3
4681,3
6054,3
8300,2
16566,3
6424,2
11313,3
18663,3
7062,3
19009,2
8053,3
19441,2
17153,3
14762,3
4517,3
18246,3
9942,3
1740,1
4837,3
8361,3
15150,3
14790,3
6844,2
5493,3
11639,3
3741,2
9625,3
1649,3
16150,3
4822,2
3581,3
6643,3
3230,3
19992,3
4071,3
11123,3
10313,3
17322,3
16788,3
17706,3
4952,2
16966,3
11871,3
2890,3
16603,1
11658,3
3974,3
17996,3
1314,3
9401,2
7336,3
14651,3
18155,3
12461,3
7245,3
5377,3
12699,3
11350,3
3097,3
15461,3
16250,3
11048,3
7287,3
15451,3
7461,3
3665,1
8322,3
2378,3
14200,3
11215,1
19479,2
12127,2
16972,3
7822,3
18367,3
19287,3
9976,2
12662,3
11800,3
16267,3
7984,1
10812,3
1313,3
2941,3
595,3
14300,3
13988,2
19030,3
10831,3
1033,1
14476,3
18985,3
11728,3
11989,2
7193,3
10664,3
2697,3
19522,3
1052,3
5507,2
16919,3
18381,3
15594,3
187,2
4938,1
4880,3
15757,2
9679,1
16278,3
14011,3
18315,3
6338,3
2444,3
13055,2
18960,3
11353,3
7449,3
14308,3
11889,3
1566,3
15997,3
9727,3
9421,2
4819,3
4001,1
13416,3
15115,3
11991,3
10100,3
19177,3
10573,3
5697,3
17497,3
12895,3
1264,3
6690,3
710,3
11398,2
1239,3
18637,3
1333,3
19917,3
3383,3
17433,3
425,3
13429,3
9490,1
4432,3
12601,2
19114,3
2998,3
18403,3
17718,3
9190,3
12817,3
3760,3
17311,2
16501,2
192,2
10039,3
3617,3
11399,3
12669,3
14890,3
14761,2
1336,3
1153,2
17983,2
4928,2
530,3
8240,2
6256,2
12070,1
15156,3
6469,2
8143,3
19629,3
9110,3
4442,3
10759,3
13727,3
8959,1
7775,1
10487,3
10406,2
15408,3
7002,3
6737,3
11656,2
7818,2
3632,3
1034,3
6444,3
13047,3
16112,3
1518,3
11450,3
16276,2
9345,2
9947,3
4329,2
15663,3
12000,3
13119,3
14154,2
12053,3
932,2
18033,3
13112,2
5617,2
2940,3
372,2
118,3
1736,3
17587,2
14410,3
2299,1
9322,1
15684,2
19826,3
2087,1
6377,3
7194,3
10475,3
13732,2
7299,2
6482,3
9924,3
10848,3
758,2
1868,2
8295,2
15643,2
16885,2
9745,3
10415,3
13724,3
3187,2
9560,2
4220,3
6490,2
14970,2
12347,3
8103,3
17396,2
7471,3
14400,2
19528,2
3881,3
1927,2
13966,3
13445,3
3806,2
4232,3
13508,3
15014,2
6917,3
9814,3
3634,2
12264,2
18067,3
8101,3
102,2
3264,3
7012,3
14342,2
14997,2
2090,3
17179,2
17360,3
7736,2
17309,3
19530,2
17041,3
8882,3
10747,2
14004,3
13276,3
5256,3
1935,2
7138,3
18965,2
14869,2
12917,2
14700,3
2861,2
1307,2
5539,3
10374,2
12979,2
18376,2
8264,3
3996,3
66,3
3836,3
18772,3
14271,2
9741,3
18454,2
12783,3
503,3
5869,3
18898,2
12156,2
13865,3
15652,3
2694,2
7409,3
15157,2
10553,3
9399,2
6227,1
14945,3
3544,3
9876,3
15959,1
13548,3
13506,3
15174,2
13792,2
8719,3
2656,3
13052,2
8209,3
14040,2
15560,1
16605,2
17673,3
3201,1
8207,2
2201,3
19967,3
19510,3
10630,3
2623,2
1511,3
18883,2
12186,3
18612,2
18915,3
14723,3
448,3
2835,3
6775,2
16199,3
2687,3
16167,3
13279,3
16716,3
9783,3
674,3
8866,3
913,3
13620,3
11700,2
209,2
3901,3
15815,3
5891,3
15598,3
19845,2
10917,3
1321,2
9343,3
17324,3
1545,3
784,3
2203,3
12468,3
17479,3
13352,2
17940,3
5729,3
7742,3
13838,3
8846,3
2813,3
12152,2
11594,3
12084,3
16786,2
5755,3
14558,3
11000,3
10243,3
9967,2
2270,2
617,3
16927,3
13386,3
7994,3
3111,3
16790,3
10388,3
3495,3
17034,3
13686,3
1894,1
15950,3
12824,3
8470,3
12163,2
16055,3
18977,3
8655,3
19437,3
1429,3
6378,1
2183,3
17601,1
7931,3
8904,3
16036,3
17269,3
3713,3
18932,2
851,3
13733,3
803,2
10918,3
1896,2
14665,3
4416,3
8088,3
17451,2
10132,3
19645,2
13249,2
16306,3
7776,3
17749,3
3728,3
2367,3
12233,1
8571,3
4457,3
4845,2
13072,3
268,2
15326,2
1995,2
15430,2
16254,3
15225,2
18252,2
7849,1
11084,3
12554,3
16201,3
12611,2
8620,3
1657,3
14194,2
11130,2
14621,3
2643,3
4873,3
14942,2
8076,3
2537,3
8040,2
663,3
19618,2
3192,3
3017,3
1159,3
12928,3
2550,3
3399,2
2207,3
1277,3
15357,3
18042,3
1840,3
887,3
13528,3
4046,3
3291,3
16215,3
7537,3
14760,1
11669,3
6885,2
7485,3
15378,3
11921,3
19907,3
1788,2
7843,3
9286,3
12841,3
7404,3
11945,1
99,3
9666,3
197,3
18704,3
10733,3
9009,3
7233,2
2608,3
12548,2
4993,1
3593,2
632,3
7081,3
15458,3
18268,3
5946,2
5615,3
3846,2
2001,3
520,3
8958,3
783,3
12428,3
1567,2
18197,3
18727,3
9039,2
19898,3
6776,2
10751,3
13947,2
9793,3
15635,3
10698,2
6866,2
10149,2
17539,3
11675,3
3867,2
10721,3
11083,3
2803,3
1158,2
12746,3
14140,2
18258,3
1731,2
17493,2
16291,3
2659,2
18249,3
14170,3
16594,3
17627,3
16635,2
9213,3
18210,3
16797,3
4766,2
8973,2
3641,3
6811,2
6398,2
566,3
19600,3
8,3
2827,3
14899,3
19467,2
12833,3
11059,3
7833,3
12415,3
1508,2
16114,2
11251,3
1470,1
17922,3
5290,3
14127,1
11005,1
961,2
9123,1
14875,3
2523,2
7312,3
12210,3
4287,2
2110,2
7106,2
14887,3
6926,3
11104,2
12376,3
15066,2
9342,2
17574,3
12557,3
19788,3
12038,3
17472,2
481,2
16849,3
18109,3
4901,3
3526,2
5742,1
6987,3
6383,3
4748,3
5181,3
2077,3
12858,3
5122,3
17651,3
11310,3
9112,3
4564,3
18764,3
13700,2
10863,3
19626,2
4782,3
15800,2
19722,2
19964,3
735,3
11841,3
15656,3
19372,3
6896,1
3212,2
10245,2
2646,2
15195,3
14347,3
2503,3
14579,2
313,2
10172,1
19995,3
10628,2
10895,3
7439,3
19035,1
4377,3
6764,3
4412,2
17438,3
1963,3
7595,3
1482,2
12288,3
7423,3
4108,3
10258,2
16478,3
13981,3
19571,3
973,2
10776,3
12095,2
19265,3
946,3
9862,3
5064,1
4299,3
17494,3
19968,2
2809,2
9592,2
2947,1
15048,2
705,2
19523,3
13985,2
16745,3
12846,3
15573,3
17527,3
18802,2
15525,3
7433,1
17450,3
5490,3
9729,3
14172,3
18833,3
16802,3
3792,3
14434,3
10344,2
8405,3
19356,3
11099,3
13588,2
13799,1
19205,3
13776,2
7030,3
13175,3
9360,3
8440,2
9644,3
18778,3
13808,3
18850,2
8678,3
5339,2
15154,3
9135,3
3292,2
19554,3
17242,2
10133,3
18596,3
8840,2
3360,3
5367,3
10583,3
16724,3
4925,2
12076,2
12403,3
5458,2
1613,2
3822,2
11343,1
6904,3
17938,3
12780,2
8095,2
5919,3
9921,3
18289,2
5111,3
12134,2
19599,3
13715,3
11342,2
14506,3
3773,3
836,2
6043,2
15396,2
2751,3
14039,3
167,2
2624,3
16381,3
10184,3
18503,3
6131,2
12610,2
18205,2
797,3
17320,2
19768,3
16758,2
4188,3
18980,2
16270,3
10603,2
14088,1
5837,3
8861,3
19900,1
12257,1
9548,2
17663,2
1006,3
14928,3
4487,2
16089,1
1406,3
7088,3
14283,3
2660,3
8155,3
19256,2
7189,3
9036,2
12915,3
4443,3
18715,3
9929,2
13893,3
6600,2
8401,3
19498,3
9877,3
6038,1
581,3
5000,3
16062,3
7045,2
19263,3
2645,3
1830,3
13805,3
18687,3
3589,2
11837,3
9970,2
15212,1
16022,2
4758,3
4295,2
7040,3
18056,3
7779,3
11329,3
15411,3
7640,3
19795,2
11599,3
10387,2
18734,2
9520,2
10550,3
3531,3
1358,3
7841,3
13833,3
8170,3
15331,2
14559,3
8290,3
479,3
18136,3
19901,3
15807,3
57,3
1091,2
19201,3
2787,3
15292,2
18703,3
2200,3
13173,3
14975,3
12298,3
7815,3
18191,2
4752,3
2740,3
13770,3
6772,3
19004,3
1414,2
8499,3
7842,3
3857,2
8378,2
11088,3
13758,3
11565,3
3465,3
14169,3
8259,3
17152,3
14964,2
2807,3
6247,3
6249,3
970,3
13520,1
9746,3
4013,3
19681,3
18501,3
10040,2
16486,3
2857,3
16405,3
10871,3
18602,3
1655,3
17920,2
15113,3
7936,3
12060,3
4738,2
4177,3
10455,3
3407,3
2063,3
12178,3
2990,3
14076,2
17970,2
536,3
16590,3
7806,2
0,3
11838,3
13255,3
11745,2
15939,3
16780,2
15564,3
17503,3
847,3
5933,3
10804,3
2603,3
3796,3
10140,3
17387,3
5306,3
4181,1
4490,3
6502,3
6838,1
796,3
9667,3
405,3
15449,3
18938,3
6824,3
14069,2
15043,3
13687,3
4642,3
2106,1
11025,3
19446,3
15705,2
5997,3
3877,2
11899,2
18204,3
16937,3
19913,1
5005,2
5867,3
6880,3
4963,2
9444,2
13755,3
17234,2
16064,3
17899,2
18671,3
8701,3
5157,3
9194,3
5860,1
7278,3
8158,3
253,2
5378,3
12993,3
13040,3
17520,2
8523,3
15951,2
16904,3
10211,3
14216,3
10230,3
1325,2
191,3
1057,3
9005,3
14556,3
19551,3
4306,3
10107,3
17259,3
8463,3
18202,2
4511,2
3203,3
1890,3
10405,3
4060,3
16545,3
17176,3
4107,3
15907,3
18828,3
3953,3
223,2
7624,3
9557,1
5702,2
15965,1
15580,2
10450,3
7878,3
12774,3
19677,3
13484,3
14715,2
16054,3
4645,1
5051,3
16572,3
4594,3
11144,3
2618,3
13817,3
4658,3
5836,3
14976,3
9084,3
15281,3
19436,3
19958,2
4116,3
18808,1
15158,2
128,1
12882,1
7422,2
17754,3
3873,3
1729,3
10017,2
2222,3
527,3
9225,1
3624,3
3517,3
8505,3
18015,3
13099,2
12642,2
16565,3
16484,2
1860,2
16931,2
421,2
15647,3
17027,2
9594,3
13775,2
13599,3
1074,3
13505,3
10210,3
4399,2
17088,3
14365,2
13942,3
2549,3
15402,3
13169,3
200,3
15678,3
2243,3
4311,2
4425,3
10402,3
15755,3
1848,3
8894,3
17251,3
10351,2
17439,2
10285,3
1256,3
5113,2
16347,3
5235,3
6732,3
17688,2
4805,3
13951,3
16308,3
17966,3
6500,3
4045,3
256,3
9138,3
17930,3
2658,3
4809,3
14534,3
8819,3
7659,2
15850,3
368,3
1425,1
19428,3
7490,3
8820,3
8369,2
2132,2
14737,3
19127,2
13829,2
17285,3
13282,3
6948,2
9282,2
4550,2
18400,3
2722,3
5633,3
7985,2
13152,3
5087,2
16765,1
9581,2
17589,3
6741,2
18766,3
13856,1
17178,3
11462,3
15041,3
7917,3
17734,1
13515,3
12696,3
14288,3
18768,2
3950,3
8871,2
11408,3
3616,2
9747,3
6915,3
4888,3
638,3
9339,3
8024,2
14074,3
4582,1
13277,3
10085,3
12,2
8326,3
6240,3
8253,3
19408,3
17138,3
5603,3
2526,2
2394,3
13725,3
2913,3
11562,3
10060,2
2305,1
15087,3
12389,3
1391,3
13711,2
13194,1
15957,3
6901,3
3513,3
2606,3
18547,3
10510,3
17998,3
396,2
11547,3
19168,2
13565,2
1156,3
8628,2
13873,3
3132,3
18642,3
3405,1
11896,2
16142,3
4610,2
17307,3
14566,3
10784,3
3141,3
801,3
12639,3
7234,3
1071,2
18666,3
2347,3
10325,3
8063,3
11269,3
9738,3
11650,2
5253,1
4939,3
1910,2
11526,3
10320,3
5481,3
18739,2
18696,2
18396,3
19100,3
14578,3
14438,3
14824,3
19271,3
16976,1
1899,3
9226,3
16981,3
14873,1
5711,2
15161,3
10435,3
10525,2
12795,3
19330,3
3298,2
16231,3
129,3
2235,2
12723,3
4043,2
1149,3
17411,2
17372,3
10476,3
6359,2
13358,3
5504,3
16640,2
13090,3
14650,2
7922,3
11537,2
14742,3
15496,3
15500,3
3613,2
6085,3
11242,3
10916,2
12929,3
6691,3
1555,3
16184,3
9299,2
3461,2
14517,3
9692,3
19251,3
16680,3
1512,3
4579,3
8005,3
4559,3
16132,3
12862,3
13977,1
10493,3
15622,2
11214,3
7686,3
16877,3
11983,3
5434,3
757,3
15735,3
5129,3
627,3
3195,3
15901,3
5467,3
2391,3
10971,3
11981,3
12479,3
14941,3
5982,3
9671,2
7939,3
19374,3
7042,2
7003,3
7316,3
11704,2
1505,2
15002,3
18295,3
1863,2
10844,3
74,3
18174,3
19316,2
6065,3
19300,2
12990,1
4266,2
6722,3
10217,3
13444,3
16336,3
9951,2
5435,3
16973,3
13915,3
13933,3
3393,2
15268,2
16129,3
11908,2
15877,2
2517,3
2878,2
5897,2
15235,2
13398,3
16218,2
4949,1
3705,3
5483,2
689,3
14992,3
7322,2
12512,3
16173,3
8201,3
3826,1
12597,3
8343,3
18371,2
4230,3
12805,3
12791,3
2564,2
17721,3
12750,3
3916,3
8544,2
13891,3
10506,3
17205,2
9685,3
3152,3
16247,3
10952,2
19059,3
12338,3
852,3
10176,2
13604,3
8050,3
13949,3
4923,3
6912,3
8781,3
6889,2
4349,2
13050,3
15439,3
14880,3
4269,2
16532,3
12029,3
10240,3
13890,3
9197,2
7591,3
9389,2
4710,3
12413,3
15233,2
3847,3
15501,3
15557,3
5066,3
9938,3
5410,3
15185,3
14144,3
7930,3
16271,3
4283,3
9681,2
17014,2
15849,2
16999,3
7129,3
19426,3
8580,3
13044,1
18729,3
17073,3
3807,2
14290,3
17686,3
9465,2
18410,3
16592,3
9390,3
18183,2
4798,2
14433,3
17024,3
17552,3
16807,3
12457,3
19406,2
14802,3
12958,2
7999,3
6865,3
447,3
1078,2
15617,3
16874,3
10663,3
1903,3
7509,2
14185,3
5974,2
18185,3
282,3
5614,2
19199,3
12327,2
8527,3
8500,2
18834,3
9536,2
9990,2
8473,3
15880,3
17775,3
8225,3
3556,3
19048,2
7259,2
13830,3
3828,3
12740,3
4920,2
12835,3
12173,3
11894,3
3497,2
4431,3
1175,3
17600,3
17061,1
11195,1
8083,3
362,3
8249,3
17235,3
15753,3
17267,3
14771,1
10819,3
731,3
1619,3
5039,3
1126,3
9175,2
15005,3
13825,3
923,3
1705,3
9258,3
19947,3
16251,3
5083,1
10789,3
3709,3
4370,3
8746,3
1128,3
13910,3
14106,2
11304,2
16967,3
2954,3
10188,3
11757,3
6781,3
8683,3
11671,3
5363,2
14968,3
6900,2
13367,2
8815,2
5098,3
2776,3
7666,3
13476,3
13153,3
15855,2
14210,2
9376,3
17145,2
5408,3
15669,2
11596,3
14394,3
12786,2
13608,3
3376,3
8145,2
1885,2
2899,3
9577,2
12473,3
12942,3
17026,2
11425,3
13472,2
8753,3
3186,3
4828,3
15771,3
11336,3
5216,2
4553,3
18867,2
3450,3
16466,2
7773,3
7598,2
3699,3
218,3
17139,3
16563,3
1599,1
4484,2
8451,3
18194,3
1235,3
9210,3
11461,3
10847,2
13460,3
11287,3
17890,3
6028,3
13179,2
15400,3
1466,2
2963,3
2496,1
9918,2
2390,2
10743,3
19721,3
7162,3
5534,3
17463,3
12521,3
10894,3
1575,1
10655,3
1950,2
7024,3
15704,3
14909,3
12635,3
5635,3
5150,3
2982,3
1939,2
359,2
8173,1
1569,3
10551,2
18909,2
9842,3
9239,3
14487,3
17769,1
883,3
3347,2
17071,3
12562,2
11593,3
6874,3
15129,3
10202,3
17352,3
14207,3
10468,3
2744,2
13230,2
4191,2
9232,3
10862,3
5671,3
11109,3
17300,2
1398,3
16238,3
19448,1
11016,3
10523,3
8528,3
2957,3
16742,3
17388,3
15906,3
17241,3
9126,3
1790,3
9931,3
7949,3
11698,3
2938,3
5156,3
11932,3
10713,2
16814,3
13284,1
17551,3
3423,2
7910,3
4288,3
4434,3
19049,2
7996,2
1739,3
14929,3
7962,3
19457,2
14522,3
3578,3
3831,3
3011,3
1197,3
13533,3
13738,1
13483,3
16076,3
14978,2
10977,3
12303,2
19277,3
10138,3
4808,2
1529,3
10648,3
11724,2
8718,3
13042,3
19699,1
7101,3
294,3
14866,1
7067,1
692,3
6958,3
8449,3
16901,3
8172,3
19061,2
9169,3
19616,2
17608,3
2965,2
988,3
11049,2
15803,2
8246,3
11592,3
6520,3
13691,3
2272,3
4190,3
7420,3
9366,3
4894,3
18471,3
9530,2
552,3
19191,2
15979,2
8836,3
16082,3
17282,3
15197,3
15122,3
7890,3
17865,3
11163,3
4097,2
6423,3
7728,3
4319,3
9114,3
17413,3
18098,3
3099,2
11485,2
19778,3
2820,3
13962,3
13704,2
13407,3
15765,2
11890,1
8325,3
18217,2
16104,3
9587,2
16337,3
5959,3
12486,1
1601,3
12297,3
12789,3
18395,3
15361,2
12256,3
2672,3
18763,3
15863,3
5221,2
2717,2
16888,3
3443,3
1310,3
3732,2
9955,2
18407,3
1820,3
6567,3
18996,3
14101,3
15151,3
12187,3
11396,3
12277,2
15282,2
14744,2
8962,3
1132,3
13097,3
7185,3
1186,3
6573,2
3666,3
8816,3
5822,3
18420,3
591,2
11962,1
5388,2
18443,3
17219,1
3330,2
16878,3
4347,2
16743,3
2298,2
5326,3
5024,3
1113,3
8130,3
19414,3
18669,3
11103,2
16010,3
6372,3
14957,3
3088,3
19638,3
4396,3
9085,3
11490,3
9348,3
10893,3
14544,3
18520,3
3077,3
12032,2
7700,3
18415,3
13206,3
10832,3
8507,2
587,2
13071,3
11741,3
1457,3
9742,3
14458,2
8428,3
16836,3
8835,3
19119,2
11977,2
14231,1
15053,2
3117,3
2677,1
17894,2
14477,3
2393,3
14094,3
19692,2
12175,1
15668,3
15421,3
7295,3
12782,3
14728,3
11205,3
14530,2
15595,3
10453,3
11697,3
5386,3
12751,2
5723,2
146,2
18949,2
2007,2
5132,2
9945,3
17692,2
2793,2
11810,3
13235,2
17785,3
13397,2
14694,3
14162,2
11445,3
15452,3
518,3
10618,2
12487,3
13372,3
13888,3
8387,3
5726,1
11611,3
12603,2
10622,1
6923,3
18124,2
17314,3
9930,2
6002,3
1401,2
1437,3
15074,3
2989,2
75,3
11820,3
4934,3
15782,2
12395,3
8928,2
17576,3
4371,3
6414,2
19234,3
17399,1
16804,3
2981,2
7530,3
4294,3
9973,3
649,2
16503,3
2452,3
13095,3
4604,2
10315,3
14649,3
16763,2
11011,1
2742,2
14097,3
2524,3
4740,1
3963,1
7562,2
19084,3
17961,3
6999,3
7280,3
990,2
15145,3
510,2
7166,2
8891,3
8867,3
5916,3
18991,3
5179,3
11492,2
16206,2
14607,2
14381,3
4793,3
14930,3
18262,3
12235,3
10654,3
3733,3
18516,1
2438,3
14797,2
11952,3
10604,3
4117,3
15143,1
11729,3
1804,3
6807,3
13807,3
79,2
17522,3
15112,3
13963,3
10870,3
9492,3
17863,3
8578,2
14246,1
12861,3
2202,3
4395,3
594,2
18263,3
14430,3
1047,3
4136,3
19359,3
17323,3
6910,3
18288,3
11181,2
8373,2
4581,1
19252,2
18495,3
5329,3
10802,3
15659,3
2771,2
11417,3
2773,3
6322,3
6705,2
11413,3
6027,2
18418,3
7246,3
1674,3
8051,2
12044,3
4620,3
16279,1
19781,3
827,2
12682,2
6847,3
1782,3
8703,3
484,3
9043,3
4514,3
18232,3
8534,3
16367,3
4318,3
15227,3
15259,3
5834,3
18127,3
17318,3
3689,3
4639,3
5616,3
17087,1
8971,3
15332,3
8464,3
8599,3
15388,3
534,3
14989,3
8205,3
11589,3
19060,3
3989,1
11966,3
6321,3
8456,3
2917,3
9259,1
12046,2
14062,3
13213,3
15008,2
18573,1
5358,2
14734,1
16891,2
13033,3
6003,3
5258,3
14867,3
6809,3
2359,3
2070,3
18028,3
13502,3
7826,3
623,3
5219,3
14143,2
5049,2
6075,3
2460,3
16580,3
3906,3
1089,3
2681,3
1548,2
17402,3
6210,2
2731,2
9767,1
12558,3
13223,3
17941,3
19519,3
639,2
15790,3
10907,2
159,3
7655,2
13741,2
8884,3
1165,2
10708,3
5593,2
10623,3
3209,2
1198,3
3978,3
6410,1
19038,3
1626,2
18487,3
12821,3
11642,2
1365,2
15301,3
6053,3
1383,3
6330,3
7260,2
13826,3
5556,2
16060,3
244,2
16829,3
12922,3
10246,3
3687,3
5120,3
6729,1
7008,3
232,3
8811,3
5568,2
6992,3
18646,2
2732,3
17211,3
8480,2
11528,3
13083,1
10398,2
13580,3
11623,3
1622,3
16143,3
14467,3
17877,2
15969,1
1010,2
9332,3
8419,3
4163,3
18491,2
6095,2
17713,3
12489,3
11549,3
19181,3
2800,3
14786,3
17423,3
5348,3
19674,3
13485,3
8447,3
6895,3
608,2
15837,3
17192,3
755,1
81,2
18048,3
13205,3
13573,3
8019,2
3305,3
12289,3
8887,3
13697,3
15189,3
13710,2
7860,3
15023,2
2663,2
9331,3
16275,3
8003,1
555,3
1615,3
10251,1
2571,3
17,3
16921,3
104,2
18659,3
6351,2
9474,2
7767,3
6570,3
10649,3
8157,3
12231,3
14130,3
5845,3
19015,3
13619,3
19394,2
4030,3
4363,3
933,3
8513,3
10497,3
6725,3
16700,3
14627,3
3804,3
1161,2
6546,1
10219,3
2301,2
18118,3
4447,1
5259,2
2625,3
5851,3
3917,2
17473,2
15488,3
14849,2
389,3
19068,3
19784,3
8226,3
15510,1
1506,3
17111,3
1562,2
1302,3
19651,3
12066,1
7467,3
4881,3
17585,1
18935,3
4737,3
12283,1
3396,2
9833,2
6082,3
13063,3
9986,3
15381,3
19832,2
14779,3
7511,2
112,3
18284,3
16447,3
8486,3
11666,3
9935,2
7877,3
7011,2
2887,3
16016,3
1772,3
3481,3
19533,3
10036,2
19023,2
18530,3
957,3
16420,3
12823,3
18668,2
881,3
5518,3
19387,3
2120,3
15799,3
15094,3
2650,2
11236,2
17119,3
6746,2
3207,3
920,3
2399,3
4161,3
2666,3
1443,2
5971,3
18365,3
3536,3
7440,3
13110,2
13356,2
8575,3
5003,3
1686,3
589,3
12825,3
4707,3
13210,3
5824,2
1090,2
10198,1
12215,3
8244,3
5879,3
12169,3
3397,3
15780,3
3188,3
15781,3
14637,2
18835,3
4781,3
17418,3
18070,3
5972,3
1328,3
19511,3
2481,3
17078,3
10035,3
19963,3
10590,3
17829,3
7240,3
17110,3
6934,2
10748,3
15543,2
4941,3
16035,3
3670,2
13695,3
19805,2
2065,3
17284,3
15517,3
18394,3
3023,3
1120,2
16345,3
14739,2
14913,2
15020,3
2079,3
2822,2
921,2
9873,3
10582,3
16710,3
7429,3
16039,3
15476,1
14120,3
12472,2
16179,3
4859,3
5492,2
2028,2
8916,2
16111,3
13672,1
5182,1
10186,2
5912,3
10062,3
12481,3
14386,3
12423,3
6148,3
4180,2
4094,3
4926,3
12474,3
7819,3
7593,3
12493,3
8375,2
9874,3
15295,3
10163,3
15922,3
11179,3
2400,3
9902,2
18397,3
7302,2
2419,2
12674,1
15251,1
3860,2
14353,3
12857,3
17840,3
1427,1
19355,3
1856,2
19343,3
11779,3
3735,3
18032,3
16617,3
10683,3
14333,3
16666,3
15923,3
18014,3
6426,2
9017,3
4528,2
5330,2
13880,3
11299,3
18509,3
8277,3
2762,3
17306,2
8782,2
14936,3
18610,3
3372,2
15685,3
6802,3
10125,3
16943,3
4119,2
12055,1
7383,3
15603,3
14193,3
16561,1
816,3
90,3
14827,3
45,3
5791,3
18632,2
6268,3
5077,3
3380,3
2095,3
5825,3
4796,2
2445,2
14059,3
18446,3
2828,3
15479,3
130,3
8265,2
11953,3
1977,3
8224,3
1227,3
6063,3
15648,3
586,3
10529,2
5372,3
15682,2
2558,3
5415,3
4762,2
6186,3
12191,3
6496,2
19734,2
3611,2
7438,3
542,3
949,3
9430,3
14020,3
14860,3
11351,2
15932,2
6796,1
5261,3
18856,2
6017,3
1600,2
10532,3
6493,3
14167,2
8881,2
10223,3
4354,2
2330,1
18306,3
3882,3
7725,2
12688,2
4770,3
6972,3
16916,3
17819,3
2398,3
5288,3
12851,3
15591,2
15474,3
15198,3
18244,3
5823,2
6137,3
6142,3
9607,3
11496,1
6443,3
18121,3
18959,3
11740,3
15082,3
14107,3
14521,2
7885,3
6872,2
18020,2
11155,3
14029,3
15192,3
14082,2
8250,3
12431,1
15052,3
10158,2
562,3
16321,1
1305,2
8347,3
5387,2
12082,3
13969,2
8423,2
1224,3
9903,3
9217,3
10043,3
6531,2
5749,2
3119,3
17093,2
14007,3
6843,3
17275,3
15223,3
19859,3
15024,2
6527,2
8618,3
3235,3
13269,3
5698,3
9426,2
12411,3
9241,3
9655,3
1103,2
11746,3
10350,3
11457,2
8073,3
8045,3
301,3
17151,3
17223,3
11175,3
1130,3
8241,3
6626,3
3592,3
1661,2
1522,3
8171,2
18956,1
10275,3
15001,3
3368,3
2585,2
10161,2
873,1
7215,3
2881,3
13202,2
3751,3
11948,1
14235,3
2670,2
9998,2
10857,3
1557,2
17048,3
8239,2
4407,3
1228,3
10044,2
2373,2
10965,2
9073,3
12593,3
16318,3
18171,3
1715,1
11803,3
5245,3
15927,3
8267,3
5686,3
10330,3
4526,3
2271,3
9160,2
15365,3
12434,3
5798,3
11718,3
15347,3
7225,3
17055,3
13387,2
3932,3
958,3
13285,3
1589,3
1540,2
4976,2
9583,3
18874,3
10615,2
18901,3
15909,2
5647,3
11503,2
16221,2
16936,2
9296,3
7649,3
11264,3
2030,2
4493,2
4659,3
8537,2
19864,2
863,3
2770,3
11882,3
17599,3
1122,3
13326,2
956,1
17973,3
438,3
9048,3
6537,1
6420,3
1777,1
221,3
1167,3
5131,3
297,3
15114,2
13992,3
17057,3
16189,3
2627,3
9047,3
16470,3
1608,2
14527,3
8696,3
12768,2
13997,3
13281,3
18297,2
16203,3
7473,3
2321,1
7191,2
13031,2
4076,3
7443,2
478,3
1947,2
5765,3
3313,2
7136,3
16760,2
1972,3
7616,3
4038,3
9579,3
14284,2
2017,3
12638,3
12544,3
9108,2
17516,2
19473,2
16442,3
15078,2
5747,2
10508,1
5384,3
19149,1
13496,3
8349,3
15249,1
12523,3
283,3
17376,3
11184,3
9852,3
14180,3
2116,2
12160,3
4996,2
13176,2
9750,1
9264,3
13025,3
9321,3
8818,2
13924,3
14592,2
10795,3
1131,3
2346,2
1704,3
18962,3
4262,2
4130,2
6047,3
8560,1
8305,3
7175,2
8712,3
9765,3
9648,3
6013,3
4075,2
4480,3
15986,3
13198,3
8454,3
18379,2
175,2
5067,3
13091,3
2896,2
2450,3
2252,2
2041,3
11870,3
5215,3
3019,3
16282,2
13452,3
7694,2
10055,2
19929,2
10020,3
9971,2
12205,3
14894,3
4683,1
18240,3
15545,3
1635,3
10345,2
3692,1
16669,3
5739,3
8308,3
9176,2
14514,3
15450,2
14518,3
5176,2
11479,3
18565,3
1371,2
351,2
7827,3
16522,2
13209,2
1393,2
5198,2
17598,3
16831,3
10761,3
12312,3
18952,3
11143,2
12109,3
17382,2
2411,3
5585,3
2241,3
13145,3
15169,2
5019,3
7396,2
2951,2
5470,3
18363,3
19172,3
19634,2
7313,3
8055,3
3725,2
18961,3
3262,3
18791,2
4007,2
12378,3
5604,3
1984,3
5248,3
14994,3
19085,3
9524,2
8230,3
13796,1
2074,3
17811,3
12412,3
15184,2
7635,3
17117,3
19694,2
734,3
11916,3
5921,3
16643,3
8952,3
11092,3
13650,3
11501,3
1797,3
3711,3
18129,3
14131,1
15229,2
19222,3
5816,3
6450,3
822,3
11208,3
9772,3
604,2
11206,3
10652,3
12015,2
2850,3
6388,3
14196,3
4545,3
3100,2
5730,3
12804,3
13167,3
13362,3
18290,3
15908,3
6194,3
11573,3
13746,3
6720,3
18248,3
10289,2
605,3
16007,3
19230,2
9011,3
18130,3
15681,3
8520,3
1221,3
19419,3
15645,3
1042,3
15718,3
7921,3
1987,3
15620,3
1978,3
13531,1
10121,3
12843,3
17934,1
5664,3
7462,2
10080,3
17584,3
7623,3
2897,3
4852,3
629,2
5887,3
12075,2
7675,2
13903,3
5771,3
18234,3
18789,2
10781,3
2868,3
2016,3
3604,2
16741,3
14061,3
17011,3
18691,1
4622,3
9527,2
2619,3
8771,2
7111,3
14481,3
12355,2
1473,3
15329,3
4649,3
13857,3
8893,1
2100,3
4057,2
1543,3
2181,3
1814,3
6739,2
18053,3
6909,3
6957,3
18731,3
12417,1
12918,3
1990,2
1029,3
5289,2
2010,2
16435,2
16028,3
14893,2
11319,3
4422,3
1191,3
18948,2
19435,3
19233,3
6040,3
2910,3
8955,3
7596,2
2145,2
10717,3
16708,3
10048,3
273,3
1847,3
16787,3
15124,3
300,3
12923,2
18013,3
14840,3
6576,2
17628,3
2018,2
9526,3
17693,3
9965,2
17380,2
19797,3
12819,3
16024,3
4522,2
274,3
11903,3
15506,3
4112,3
8165,3
2128,2
10180,2
4479,3
7146,3
19306,3
4140,2
12168,3
8390,2
16529,3
4315,3
18997,3
12584,3
3790,3
8974,2
13637,2
4185,3
6120,1
8677,2
1584,3
8402,3
12729,2
5892,3
13589,3
922,3
12976,3
8585,3
600,2
11637,2
14985,3
17573,3
14115,3
3290,3
6475,3
6603,3
4127,3
4504,2
19632,1
350,3
5242,2
4276,3
17053,2
18675,2
17244,3
10854,3
10041,3
714,2
15903,3
18836,2
10106,3
10912,2
4148,3
7575,3
17397,2
10157,3
8446,2
2056,3
11965,3
15888,3
19122,2
8588,3
15371,3
15733,3
12333,2
10851,3
14149,3
16068,3
18639,3
7266,3
3576,3
19680,2
8320,2
2331,2
4156,3
16265,3
18779,2
3749,2
12208,2
9271,3
13297,3
10978,3
17639,3
408,3
18781,3
19606,3
18343,3
11167,3
6228,3
6716,3
10428,3
3761,3
15164,3
12092,3
16263,2
10575,3
11507,3
14171,3
4035,3
17796,3
7167,3
10454,3
15688,2
8231,3
6651,1
8319,2
14981,1
18864,3
13690,2
17654,1
11394,2
12008,3
15887,3
2316,3
17401,3
10503,1
5625,3
4104,3
19801,1
16135,3
10514,3
6008,2
3251,3
15567,2
4152,3
419,3
7159,3
10660,2
1179,3
7697,2
17015,1
2360,2
15641,3
8213,3
11226,3
18303,3
18958,3
5857,3
6575,3
18237,3
16126,3
12074,2
3928,2
16798,3
4234,3
3618,3
1859,3
14367,3
4302,3
9941,2
10414,3
2264,3
5646,3
17926,2
1521,3
7612,3
2102,2
10295,3
17007,3
7856,3
18176,3
10939,3
7270,2
9695,3
1140,2
1907,3
19050,3
6921,3
15767,2
13301,3
16419,2
19194,3
6927,2
12151,3
16935,3
15322,2
14586,3
16611,2
9754,3
6711,3
6920,3
19247,2
6341,3
18953,2
4089,3
12690,3
16819,2
10033,2
11604,1
19147,3
9631,2
9468,3
3897,3
14402,3
5201,2
14610,2
2665,3
2690,2
18604,3
906,3
2977,3
19646,3
9513,3
9387,2
19666,2
7033,3
18693,2
19081,3
582,3
899,3
5882,2
6615,2
13539,3
423,3
16113,3
12721,3
19337,3
14211,2
12932,3
17808,3
1030,3
16481,3
8755,3
14014,3
246,3
8502,3
4258,3
14658,3
10716,3
10490,3
4544,3
14385,3
7342,3
18554,3
1258,3
18775,1
4703,2
12720,1
8196,3
14071,3
4950,3
15142,3
10502,2
11961,1
17353,3
8541,2
19109,3
13060,2
9979,3
9556,3
664,2
14933,3
16293,3
14037,3
3176,2
7913,2
11271,3
3391,2
9572,3
9912,3
1459,3
15317,3
2487,2
9879,3
11045,3
3351,2
2210,2
3706,3
18654,2
12726,3
3521,3
5177,3
14628,2
7345,3
6966,3
14513,3
2525,3
13884,3
4605,2
5222,3
9323,2
11994,3
19139,3
11498,2
8908,2
7367,3
1220,3
16063,3
1259,3
6350,3
14573,3
7739,3
2907,3
2490,3
18776,2
7554,3
6005,3
3808,3
17421,3
2456,3
2206,3
7217,3
348,3
17847,3
15059,3
6842,1
5149,3
17374,1
16933,3
3637,3
13540,3
13674,3
14642,3
5356,2
8360,3
11546,3
7170,3
6138,3
12098,2
6898,3
1687,3
18752,3
13561,2
15385,3
16297,3
19883,3
12973,3
17777,3
8723,3
8071,3
13764,3
13894,3
4992,3
4586,3
12681,3
9253,3
18968,3
5417,3
16020,3
8631,1
5273,2
5753,3
6026,3
13131,3
6437,2
616,2
1652,2
1011,2
17868,3
9417,1
17645,3
15454,3
19211,2
5527,3
14696,2
17315,3
18817,1
2786,3
15967,3
19982,3
16702,3
3834,2
2812,3
12380,3
15584,3
6486,3
7648,3
14662,3
862,3
12853,2
15980,3
3793,3
4856,3
14842,1
15208,3
4421,3
8054,3
12448,3
14012,3
15576,3
17028,3
254,3
17283,3
11783,3
8009,3
1828,3
13592,3
8483,1
8261,2
7547,1
4246,3
17006,3
2736,3
3010,3
16431,3
7608,3
1574,3
4297,2
2429,2
7743,3
10926,3
2437,1
17852,1
7405,2
15423,3
9982,3
3342,3
1206,2
17012,3
5640,3
9410,3
1720,2
12128,2
17254,3
6728,3
12889,3
4245,3
18569,3
18138,1
13989,2
5893,2
2353,3
3036,3
8462,3
16154,3
9683,1
12073,3
13009,3
8837,2
635,3
13791,2
12671,3
3570,3
16882,3
7172,3
3671,3
16645,3
5937,3
17158,3
3222,3
18889,3
13329,3
19155,2
5180,3
14698,3
6803,2
3473,3
16056,3
12301,3
15867,3
1911,3
19284,2
15760,3
16373,3
18034,3
3888,3
15108,3
5169,3
10570,2
10718,3
1654,3
8097,3
3353,3
19612,2
9195,3
12938,3
2611,3
11300,3
11290,1
11706,1
3731,2
4595,3
1208,3
18334,2
17499,3
4113,3
9756,1
5124,3
14563,2
15256,3
12865,3
6635,3
10412,3
6257,2
13887,3
4040,2
4491,1
10589,3
17848,3
1902,2
7135,3
15401,3
1460,2
2598,3
70,2
9346,3
16584,3
2304,3
3279,3
11218,3
9907,2
16052,3
753,1
4651,3
5257,3
3300,3
12511,2
12894,3
7550,3
6819,3
16663,3
12291,3
15434,3
18601,3
19142,2
18552,3
5401,3
18241,3
18627,3
19819,2
7200,3
14523,2
19143,3
6782,3
11451,2
1454,3
1501,2
7309,3
15661,2
14145,2
6153,3
13046,3
8780,3
9528,2
15852,2
10681,3
8665,3
11431,2
7386,3
18093,3
12287,2
4497,3
357,1
19543,1
5340,3
691,3
8778,3
13811,3
1125,2
16871,3
12777,3
5001,3
2255,3
19018,3
13327,3
6827,2
19997,3
15274,3
12061,2
8640,2
507,3
19274,2
15524,3
8786,3
11223,3
13547,3
13181,3
468,3
12386,3
19481,3
3329,3
12837,3
17746,2
18895,3
7823,3
7929,2
4437,3
19684,3
9959,3
15370,3
18309,3
10049,1
13466,2
7874,3
4538,3
13784,2
13331,2
5486,3
9568,3
14445,3
13754,3
8424,2
12211,3
12985,3
17672,2
15280,3
13735,2
7223,2
6652,2
10838,2
9845,1
299,3
6792,3
12898,3
16945,3
9171,2
7786,3
15467,3
9310,2
18106,3
6930,2
12711,3
13412,3
13298,1
10003,2
3765,3
19088,1
14312,3
17841,2
15550,2
19897,3
278,2
17878,3
13541,1
5294,2
537,2
15234,2
15854,3
8174,1
6678,3
8621,3
10408,2
18356,3
12704,3
7458,2
7873,3
6456,3
7488,3
12967,3
1250,2
8839,3
6124,3
12971,2
16394,2
8442,3
2303,3
7722,3
4847,3
6484,3
6061,3
19348,3
4153,3
8212,3
10441,2
17766,3
13010,2
8646,3
15171,3
18638,3
2864,3
11763,3
10420,3
19657,2
17802,3
9368,3
11736,3
8471,3
17035,3
19614,3
5589,3
1196,3
16535,3
13918,3
2432,2
17928,3
7181,3
15955,3
18539,2
3813,3
17668,3
3437,3
11473,3
13291,3
6134,1
2081,2
10556,3
12091,3
10593,3
3644,3
10958,3
13283,3
2025,3
6726,3
3167,2
18651,2
11751,1
8248,3
13960,2
15316,3
18811,2
14187,3
19396,3
7305,3
10858,3
3367,3
5161,3
6071,3
3358,3
9705,3
6946,3
16587,3
9888,3
14676,3
14134,3
9113,3
1293,3
5241,3
7466,3
10008,3
10798,3
2161,3
9932,3
9488,3
19965,3
9712,3
3065,3
3509,3
18221,3
8381,3
12829,3
13350,3
10517,3
18092,3
19151,3
3506,3
19097,1
842,3
14376,3
8012,3
9167,3
6415,3
17084,3
10886,2
18012,2
4176,3
19176,3
13661,3
11990,3
171,3
16057,3
13651,2
12273,3
8328,2
10598,3
13368,3
3921,3
13526,3
16310,3
4713,3
9055,2
18452,3
12266,3
6513,2
392,3
16346,3
16423,3
19307,3
8743,2
6591,3
7555,2
8641,2
8344,3
13066,2
18193,3
9759,1
14072,3
8901,3
15193,3
11480,2
4494,2
11535,3
5075,3
8318,3
13127,3
14126,3
17871,3
17536,3
6318,3
8217,3
9777,3
9909,2
13652,3
11918,3
14066,2
2557,3
2506,2
18481,3
98,2
364,3
3720,3
15100,3
12445,3
4194,3
15862,3
12189,3
5868,2
5102,3
13168,3
781,3
2048,1
9716,3
1583,2
16351,2
9129,2
13215,3
3856,1
6848,3
5043,2
12663,1
11660,3
18160,1
13419,3
8783,3
16391,2
16002,3
580,3
15785,2
1146,2
5622,3
18713,2
9230,3
12496,1
1441,3
13257,3
9899,3
18971,3
8709,3
7683,3
916,3
15882,2
1889,3
2661,3
5015,2
4989,3
6616,3
19816,3
19789,2
8034,3
1930,3
17583,2
2542,2
2096,3
15846,3
7300,3
14404,3
14669,3
14036,3
7085,1
3999,3
4323,2
7811,2
16334,3
16639,2
1620,2
17384,2
10653,3
13246,3
16445,3
6800,2
161,2
10859,2
18314,3
17018,2
11038,3
18036,3
12765,3
17569,3
16274,3
4787,2
12961,3
4086,3
7574,3
430,3
19976,3
10341,3
6960,3
17337,3
1932,3
5144,3
12021,2
1216,3
17129,3
10327,3
6799,3
3432,3
16941,2
14173,2
2701,3
14153,3
8593,1
6498,3
9173,3
5466,3
3409,3
6395,3
18803,3
9074,2
13944,2
15809,3
4867,3
8122,3
10037,2
18253,3
17621,3
1465,3
4944,3
7840,3
2427,3
11692,3
4270,3
9736,2
6656,2
15797,2
17500,3
18903,3
10205,3
105,3
4008,2
8160,2
11580,3
15853,3
11245,3
3181,3
9586,3
16776,3
17343,3
9637,3
15693,3
10318,3
18641,3
7846,3
4676,3
11548,3
1139,2
4028,3
12908,3
16859,3
4876,3
4815,3
7965,3
2213,2
16430,3
7986,3
10948,3
13428,3
16268,2
17681,3
8199,3
8790,2
5938,2
10608,3
18824,3
4540,2
13089,3
19028,1
4436,3
11495,2
19135,3
16356,3
13504,3
6786,2
8539,3
19132,2
4021,2
11571,3
655,3
7265,3
11996,3
4547,3
8570,3
12071,2
2195,2
19902,3
11156,2
14770,3
13149,2
8939,3
12013,3
7373,1
11518,3
5881,2
4233,2
14871,3
18920,2
5695,3
13956,3
10031,3
13208,3
19395,3
1912,3
19714,2
6233,3
9684,3
411,3
4133,2
5571,2
3698,3
10914,3
13192,3
13494,3
3923,2
12698,3
10128,3
5775,3
6514,3
1219,3
8354,3
19591,2
3701,3
3426,3
17349,3
1152,3
3905,3
12149,2
6014,3
7660,3
291,2
15929,3
4634,2
11235,2
58,3
8910,1
4964,2
17217,2
11443,3
17684,1
5559,3
11253,3
16778,3
5151,3
18349,1
14334,2
1570,3
5202,3
10266,3
7446,3
4590,2
9872,2
3493,3
5581,3
19324,3
16065,2
7209,2
14805,3
4585,3
13354,3
12364,3
3464,3
4761,2
8761,2
14055,3
17597,3
5691,3
5303,3
1271,3
5057,3
13916,3
13632,3
8785,3
16220,3
17277,3
10460,1
3829,3
3116,3
17004,3
11866,3
10830,3
15441,3
13499,3
2883,3
11723,2
2313,3
643,3
5200,3
10356,3
14594,3
13229,3
3805,2
1055,3
6731,1
8365,2
19144,2
6504,3
19598,3
7059,3
13793,2
3492,2
3895,3
19169,3
6230,3
3555,3
1630,2
15051,3
13323,3
16658,1
19087,2
5900,3
8389,3
10599,3
3622,3
16066,2
7480,3
1982,1
18169,3
14475,2
12936,3
9824,3
17988,3
14165,2
18982,3
19131,2
17881,2
3196,3
3027,3
4400,2
10960,3
3766,2
17477,3
13458,3
1573,3
15537,2
10071,3
17954,3
2103,3
17457,2
15072,3
19371,3
16256,1
12320,3
4240,2
14125,3
3784,2
10452,2
14102,1
13473,2
17341,3
11221,3
10339,2
5649,2
5653,3
17132,3
14831,3
8717,3
15231,3
3224,3
2019,2
437,3
7091,3
8109,3
17258,1
7232,1
6519,3
19851,3
13348,2
3614,1
7627,1
7919,3
4389,3
15278,3
7908,3
9070,2
10969,3
6208,3
13696,3
16616,3
5351,3
16378,3
19074,3
12507,2
9188,3
15516,3
821,3
13008,3
15131,2
17248,3
7369,3
19136,3
8276,2
1413,3
4657,3
5590,2
8190,3
19715,1
12845,3
13849,2
12185,3
1882,3
17770,3
16370,2
15307,3
15504,2
9068,3
11207,3
2536,3
13343,1
7902,3
1099,2
16406,2
16772,2
19705,2
9214,3
9186,2
17593,2
9646,3
17308,3
2692,3
5676,2
17414,3
4228,3
4532,3
233,3
7425,3
2944,3
4821,2
15575,2
16785,2
15764,1
14047,3
3182,3
15748,3
16681,3
8479,2
7043,3
17955,1
19661,3
5638,3
13892,3
12643,2
12880,3
13261,3
9103,3
9453,3
17993,3
18924,3
16368,3
15166,2
3485,3
18955,3
16237,3
18312,3
18357,3
16233,3
8774,3
16079,3
6577,3
14078,2
13860,2
9551,3
7219,2
16014,3
8569,3
7130,3
19866,2
5054,2
19743,3
14497,2
19560,1
9608,3
7271,3
2140,2
11131,3
16395,3
17485,3
2443,3
8737,3
476,2
1254,3
6180,3
2764,3
695,3
4337,3
17876,2
9187,2
9779,3
11268,2
1525,3
7920,3
10686,1
3260,3
14049,3
1576,3
17531,3
733,2
13062,3
11339,3
17328,2
16116,3
16911,3
4336,3
19566,3
3941,2
3642,3
19727,3
8074,3
10095,3
16128,3
15429,3
2942,2
7357,3
9364,3
8228,3
10410,2
14346,3
16928,3
7836,2
16944,2
1616,2
13294,2
18700,3
2492,2
1447,3
314,1
4777,3
2615,3
5038,2
18212,2
5636,2
14701,2
7760,3
15864,3
14852,3
13678,2
9895,3
7565,3
3812,3
14753,3
16492,1
2296,1
18673,3
1263,3
19379,3
19807,3
11653,3
8758,3
5583,3
5831,3
10373,3
1218,3
4225,3
16177,3
5167,3
10491,2
13248,2
18605,2
13108,3
19736,2
179,3
12449,3
10699,2
10695,3
6170,3
5243,3
18137,1
3332,3
10932,3
5026,3
13161,3
3258,3
6888,3
5814,2
14821,3
15960,3
6156,2
16641,3
19701,3
2449,3
17887,3
9875,3
7774,2
19101,3
6009,3
9734,2
15558,3
6990,3
4505,2
11081,3
18373,1
16454,3
4772,3
15466,3
14005,3
15734,3
4236,3
5308,3
14042,3
2458,3
15953,3
16120,3
6309,3
8728,3
843,2
2569,3
13338,3
1723,3
19195,3
10208,2
13086,2
12911,3
19386,3
7951,1
7934,3
10260,3
16340,3
16854,2
15804,1
9148,3
7292,3
11550,3
3541,3
16212,3
18690,3
17715,3
19464,3
17063,3
11087,3
12950,2
5905,2
2852,2
14850,2
19427,3
3984,3
15789,3
11194,2
950,2
18880,1
11222,3
13450,1
12088,3
18164,3
4702,3
9248,3
1598,2
12270,3
16127,3
19429,2
18983,3
4560,3
17845,3
3849,2
10087,3
16343,3
5436,1
6429,3
15915,3
11644,3
2282,2
19775,3
9029,3
17449,3
12286,3
13568,3
9314,3
11561,3
15398,2
13716,3
11370,3
276,3
12022,2
16621,3
17298,3
2912,3
1173,3
4488,2
11273,3
9916,2
14257,3
19806,2
18131,3
8934,3
6692,3
8515,3
7505,2
4223,3
3296,3
12797,3
1356,3
15920,3
9419,3
2312,3
15725,2
9396,3
10465,3
2885,3
2801,3
4824,3
13982,3
2486,3
8001,3
5812,2
5767,2
14164,3
4307,3
11089,3
2763,3
9627,3
9957,3
7834,3
40,3
17424,3
3588,1
15093,3
16717,3
14350,2
4905,3
7634,3
2133,2
9686,3
8724,3
5687,3
8907,3
10199,3
2733,3
14296,2
9609,1
11927,2
4721,1
4893,3
16412,2
17976,3
10636,3
10451,1
4327,2
11416,3
14629,3
14948,2
6941,3
1266,1
19813,3
5838,3
13601,2
18644,2
12012,3
1308,2
18456,3
16601,3
18506,3
10438,2
3679,3
14741,3
8059,3
968,2
16280,2
10005,3
15265,2
229,3
6117,3
9092,2
3379,3
17009,1
9318,2
19116,3
8779,3
11619,3
11721,3
14918,2
6007,3
3677,3
14091,2
14121,3
8673,3
9910,3
7568,2
15973,3
7749,1
4695,3
13467,3
18430,2
7434,3
371,3
5484,2
7171,3
13751,3
9994,3
14711,2
3798,3
4877,3
4555,2
13583,3
18611,3
5827,3
1170,3
4226,3
15592,1
12373,3
16869,3
1420,3
18586,2
18364,3
17726,2
4248,2
4728,2
766,3
11531,1
15522,3
17538,3
19615,2
16614,2
16595,3
10809,3
9966,3
15653,3
12980,2
11486,1
9757,3
2294,3
849,2
12387,3
15536,3
12598,3
18566,3
3985,2
12828,2
13649,3
14724,3
2966,3
16803,3
14800,3
4910,3
11172,3
16599,3
3716,1
16426,3
14639,3
10979,1
14015,2
1664,3
14034,2
4817,3
2423,3
10522,2
13551,2
5342,3
16413,3
12069,3
5942,3
14409,3
9485,3
9687,1
937,3
7307,3
11464,2
4506,2
1064,2
9420,2
15250,3
7844,3
18328,3
413,3
13812,1
15448,3
13701,3
15687,3
14075,2
9067,3
13254,2
18235,3
9333,2
6608,2
19269,3
18115,3
14236,3
11028,2
7715,1
8426,3
10109,2
12213,3
13941,2
17333,2
19940,2
10650,3
10332,3
8773,2
7304,3
19631,3
3453,2
14281,3
7983,2
15698,3
16009,3
18753,3
15272,3
2761,1
17140,3
12708,3
17511,3
11064,3
17297,3
1491,3
4655,2
13752,1
7784,2
13288,2
7515,2
14309,3
8351,3
16259,3
12367,3
9633,3
3635,2
1974,2
10601,3
1711,3
670,3
8748,1
7477,1
2847,3
3795,3
5806,3
10030,2
2804,3
2924,3
398,3
17971,2
8679,1
12518,3
7658,3
18886,3
14898,3
13925,2
14721,2
13762,2
5447,3
7073,3
7117,3
18963,3
12443,1
7348,3
8666,1
17696,3
7395,3
11842,2
16689,2
17435,3
15173,3
7870,3
9052,3
2708,3
9983,2
5609,3
17896,3
16980,3
14581,3
12354,3
4114,3
15772,3
12065,2
2903,3
19732,3
1753,3
16155,3
14596,1
6628,1
9146,2
15520,2
11832,3
14562,2
16812,1
5678,2
6693,2
13537,3
13218,2
10293,3
7378,3
17515,3
7838,1
669,3
17075,3
16307,3
6439,3
18412,2
12870,3
10394,3
16185,3
7460,3
6978,3
6391,3
5665,3
5345,2
12391,3
8714,2
7703,3
14729,3
12614,3
16929,3
5320,3
8789,3
602,3
5731,2
16317,2
4239,3
12063,3
2477,3
2076,3
11302,2
19637,3
19905,3
6738,2
4061,3
9201,2
17916,3
16675,2
1169,1
12735,2
11520,3
7123,3
7261,2
9026,3
4273,3
2251,3
14834,3
8695,3
16994,1
5644,3
11603,3
15460,3
7610,3
7966,2
4519,2
6209,3
4663,3
1392,2
12254,3
13603,3
7538,3
10303,3
15847,3
9500,3
7858,1
16354,3
16783,3
15989,3
14500,2
13265,3
675,3
6018,3
18954,2
13199,2
15148,3
13869,3
19876,3
4802,2
11086,3
4911,2
10539,3
3649,3
830,2
15073,3
16892,3
7063,3
14142,3
16570,3
13313,2
6950,3
15730,3
5022,2
19475,3
2922,1
14221,3
5062,1
12252,2
13702,3
13082,3
2916,2
16385,3
13576,1
18683,3
1330,1
2488,2
17107,2
400,3
14759,2
12459,3
18292,3
1085,3
18442,3
10470,3
4987,3
14836,2
13217,3
12953,3
13390,2
10910,3
17611,2
11738,2
18044,3
11530,2
15213,3
10810,2
3273,2
2707,2
13611,3
19957,2
9613,3
9800,3
1587,3
4571,3
4362,3
10222,3
9284,3
12759,2
2354,2
12099,3
36,3
19507,3
2651,3
17799,3
17471,2
8654,2
12228,2
10084,2
2136,3
15046,3
3627,2
10237,3
10156,3
6386,3
14159,3
8409,3
13148,3
11454,3
13381,2
6441,3
1878,3
13779,2
365,2
18362,3
14550,3
15824,3
10077,3
11591,3
16657,3
18076,3
11625,3
1351,3
3601,2
4569,2
3277,3
6057,2
17106,3
3389,3
3530,1
1812,3
7946,3
8943,2
19295,3
9386,3
16718,3
9377,1
14419,3
17716,3
8303,2
11897,3
11449,2
12427,2
7883,3
15395,3
3980,3
6049,3
19872,2
12866,3
14423,3
584,2
10956,3
18219,3
12718,3
8104,3
302,3
11160,2
4962,2
19411,2
15188,2
19412,2
17233,2
17790,3
7152,3
15848,3
3288,3
16467,3
4844,3
7126,2
14348,3
4729,3
14320,3
14690,3
7329,3
263,2
14751,2
10430,3
12943,3
2986,3
592,3
13432,3
8936,3
19020,2
17891,2
19472,3
14954,3
10898,3
11661,3
10554,2
7326,2
19798,2
13841,3
14826,3
14795,3
1311,3
10432,2
1689,1
13597,3
16240,3
10685,3
9614,2
16042,3
5641,3
4558,3
7119,1
10757,1
6845,1
4296,3
5821,1
17166,2
16956,2
8629,3
457,3
524,3
19825,3
17118,2
19955,3
15009,3
3919,3
280,3
7387,3
3162,3
16852,3
6850,3
1594,2
2726,3
10642,3
9688,3
11970,3
3956,3
974,3
16109,3
10637,3
12040,1
15875,3
12806,3
15236,3
14033,3
10531,3
11359,3
15745,3
1045,3
17095,3
19709,2
19556,2
4430,2
19962,3
10382,3
9662,3
18987,3
19557,3
8843,2
11847,2
13264,3
6331,3
14551,3
7981,2
13626,2
8108,3
18025,3
3424,3
18075,3
12242,3
8800,2
15625,3
7861,3
12339,3
19404,3
19724,3
7392,3
15614,3
6597,1
12749,2
12888,3
17744,2
18390,3
2531,3
6933,3
5031,3
333,3
4804,3
10159,3
2657,3
11690,3
3748,3
3173,3
12679,3
14319,3
2468,3
9768,3
4146,3
16705,3
544,3
6024,3
14086,2
228,2
8574,3
6081,3
14883,3
19757,3
18877,3
2165,3
15343,2
841,2
12094,3
9724,3
9795,3
10509,3
4109,2
15432,3
6989,3
3436,3
4621,3
18620,3
1646,3
181,3
12812,3
4121,3
17820,3
12555,3
16227,3
311,1
15313,3
16399,1
12677,2
11664,3
7286,3
12272,3
11511,2
17764,1
13625,3
3868,3
19711,2
241,2
10178,3
1994,2
18072,3
8203,3
11260,3
14630,3
18450,1
6661,3
2900,2
5172,3
18158,3
13630,3
14496,3
10449,2
15724,3
15944,3
4661,2
19627,2
18250,3
260,3
10710,3
8450,2
4361,3
5562,3
652,3
14155,2
11135,2
18190,3
19351,3
10278,2
8582,3
13293,3
7576,3
16579,3
7156,3
3350,2
18041,2
19107,3
16085,2
18006,3
3502,3
